wav_filename,wav_filesize,transcript
common_voice_pt_19480608.wav,115244,espero voltar ao local de trabalho
common_voice_pt_19481981.wav,94508,não podemos melhorar
common_voice_pt_19482005.wav,115244,e seus olhos falavam da morte
common_voice_pt_19482015.wav,99884,parece ser uma piada agora
common_voice_pt_19482054.wav,132908,vista para a montanha central de taiwan
common_voice_pt_19482122.wav,92204,então foi o rádio
common_voice_pt_19482149.wav,109868,coloque essa escada aqui em cima
common_voice_pt_19484563.wav,90668,eu acabei de ver o mapa
common_voice_pt_19484685.wav,88364,ligue para o meu irmão
common_voice_pt_19484786.wav,171308,quando ela entrou na pista de dança todos na boate estavam olhando para ela
common_voice_pt_19486085.wav,82988,não me parece
common_voice_pt_19486088.wav,126764,as gotas da balança estão perfurando
common_voice_pt_19486193.wav,106028,é melhor esquecermos isso
common_voice_pt_19486232.wav,122924,ela apoia uma mãe e dois filhos
common_voice_pt_19486361.wav,134444,duas pessoas estão dormindo em um banco do parque
common_voice_pt_19486405.wav,207404,suas mãos estavam desgastadas e esgotadas mas ele ouviu seu coração
common_voice_pt_19493395.wav,232748,parque industrial digital de taipei inaugurado oficialmente no final de junho
common_voice_pt_19493466.wav,167468,um esquiador faz o único caminho em uma montanha vazia
common_voice_pt_19493537.wav,80684,trabalhos derivados
common_voice_pt_19493556.wav,109868,que carga de lixo sarah opinou
common_voice_pt_19493577.wav,94508,então onde está sua arma
common_voice_pt_19493581.wav,134444,mas podemos começar a limpar agora
common_voice_pt_19493633.wav,180524,um garoto grita enquanto duas mulheres conversam umas com as outras
common_voice_pt_19493635.wav,144428,sim de fato eu gostaria de uma limonada
common_voice_pt_19498393.wav,175148,eu nunca vi essa abordagem para essa questão mas pode funcionar
common_voice_pt_19498843.wav,169004,a tropa nova do escuteiro de menino olha sobre quando em seus uniformes
common_voice_pt_19498919.wav,111404,a noite estava quente e eu estava com sede
common_voice_pt_19498941.wav,79148,as estrelas são brancas
common_voice_pt_19501356.wav,98348,então vamos fazer isso primeiro
common_voice_pt_19504889.wav,125228,miguel gostava de brincar com os seus carrinhos
common_voice_pt_19505216.wav,111404,um grupo de mulheres cantando juntas
common_voice_pt_19506224.wav,111404,encontre o poder perdido
common_voice_pt_19506239.wav,152108,jovem mãe e filho indo para algum lugar
common_voice_pt_19506258.wav,188204,a luz refletiu sobre o lugar como uma aura sobrenatural
common_voice_pt_19506315.wav,211244,principalmente apenas os corações daqueles que estão tentando realizar seus destinos
common_voice_pt_19506417.wav,71468,que horas eram
common_voice_pt_19506558.wav,122924,eu quero reservar um bar no novo méxico
common_voice_pt_19506603.wav,134444,um homem e uma mulher a pescar na praia
common_voice_pt_19506717.wav,140588,eu quero reservar um bar no novo méxico
common_voice_pt_19507157.wav,84524,a cena que vejo agora
common_voice_pt_19512538.wav,142124,a nuvem se moveu de maneira majestosa e desapareceu
common_voice_pt_19512614.wav,130604,um sapato bonito muitas vezes chuta uma perna
common_voice_pt_19521987.wav,119084,quantos anos tem ellie goulding
common_voice_pt_19523471.wav,203564,ajudou o dr chen a escolher uma flor na lapela
common_voice_pt_19523566.wav,122924,água de março feijão para sacos
common_voice_pt_19524909.wav,169004,roubar um porco e entregar os pés em esmola a deus
common_voice_pt_19524951.wav,84524,taiwan naquela época
common_voice_pt_19528901.wav,82988,tempo em malásia
common_voice_pt_19528920.wav,198188,os pedestres andam em torno de carros em uma rua movimentada
common_voice_pt_19528946.wav,155948,então ele não poderia ser apressado nem impaciente
common_voice_pt_19528953.wav,180524,roubar um porco e entregar os pés em esmola a deus
common_voice_pt_19529052.wav,263468,fui esticando minhas pernas desajeitadamente e sentindo meu caminho no escuro
common_voice_pt_19529157.wav,161324,um homem que rema um caiaque ao longo da costa de um rio
common_voice_pt_19530744.wav,92204,eles são muito felizes
common_voice_pt_19530833.wav,94508,qual é o problema com eleanor
common_voice_pt_19531005.wav,73004,eu tenho um lanche
common_voice_pt_19531396.wav,113708,um homem e uma mulher prestes a se beijar
common_voice_pt_19531413.wav,57644,não
common_voice_pt_19531551.wav,129068,e ele sabia que o egito estava na áfrica
common_voice_pt_19531630.wav,75308,a conta foi encerrada
common_voice_pt_19533448.wav,63788,nunca vi
common_voice_pt_19538058.wav,111404,o comerciante olhou ansiosamente para o menino
common_voice_pt_19538096.wav,190508,como o mozilla vai lidar com ambiguidades como fila e sugestão
common_voice_pt_19540008.wav,107564,o menino passou uma noite sem dormir
common_voice_pt_19540192.wav,98348,o menino passou uma noite sem dormir
common_voice_pt_19540334.wav,113708,imagens estranhas passaram pela minha mente
common_voice_pt_19540364.wav,115244,os insurgentes reuniram gravetos e madeira
common_voice_pt_19540442.wav,145964,tudo o que eles fazem realmente é procurar comida e água
common_voice_pt_19547849.wav,82988,apenas use o telefone
common_voice_pt_19547883.wav,102188,as árvores estão em muitas coisas
common_voice_pt_19798017.wav,183596,uma menina está comendo cereal fora de uma tigela branca
common_voice_pt_19798024.wav,89132,o que sim
common_voice_pt_19798619.wav,147500,um homem varrendo a calçada em frente a uma loja
common_voice_pt_19798633.wav,214316,uma cantora de cabelos loiros com botas longas ajoelha se no palco
common_voice_pt_19802243.wav,109100,duas mulheres andando e falando
common_voice_pt_19810591.wav,170540,uma menina está comendo cereal fora de uma tigela branca
common_voice_pt_19817978.wav,91436,o que sim
common_voice_pt_19817981.wav,181292,uma cantora de cabelos loiros com botas longas ajoelha se no palco
common_voice_pt_19823757.wav,172844,um grupo de homens ergue os braços para sinalizar enquanto olham para a esquerda
common_voice_pt_19826777.wav,93740,aquele que paga
common_voice_pt_19838976.wav,121388,um homem está trabalhando em cima de um telhado
common_voice_pt_19838979.wav,157484,quem paga bem eles o servem
common_voice_pt_19839093.wav,109100,um dia nublado frio em nova york
common_voice_pt_19839107.wav,136748,um dia nublado frio em nova york
common_voice_pt_19839144.wav,90668,venha socorro
common_voice_pt_19839471.wav,172844,em qualquer caso o aluno perderá o direito de reembolsar a taxa de inscrição
common_voice_pt_19839479.wav,132908,o menino de camisa azul chuta a bola de futebol
common_voice_pt_19839518.wav,157484,um homem usando um pequeno formão para fazer madeira
common_voice_pt_19839543.wav,122924,sabedoria é conhecimento usado para o bem
common_voice_pt_19839563.wav,134444,a areia é expulsa quando dois animais correm
common_voice_pt_19842922.wav,212012,um homem está sentado em uma pedra quadrada comendo seu almoço
common_voice_pt_19860757.wav,226604,eu posso ver o que acontece nos bastidores através desta abertura
common_voice_pt_19860803.wav,232748,uma jovem de camisa vermelha balança virada para baixo nos balanços
common_voice_pt_19860827.wav,175148,eu te disse que meu melhor amigo está vindo me visitar em breve
common_voice_pt_19876269.wav,184364,um homem que trabalha em algo sozinho em um ambiente industrial
common_voice_pt_19876768.wav,157484,o menino volta para casa que não é para se casar
common_voice_pt_19887534.wav,125228,água pedra e fogo fuja se puder
common_voice_pt_19887547.wav,171308,um homem com uma banca de frutas dando mudança para outro homem
common_voice_pt_19887548.wav,102188,eu abaixei meus olhos
common_voice_pt_19887578.wav,153644,duas mulheres loiras estão conversando com um homem em um estacionamento
common_voice_pt_19887592.wav,207404,o menino caucasiano na camisa listrada azul contempla comer o hotdog
common_voice_pt_19887850.wav,122924,minha viagem à bélgica foi um desastre
common_voice_pt_19893214.wav,199724,eu também então eu tento conseguir muito onde quer que eu vá
common_voice_pt_19893227.wav,176684,adicionar john tesh à minha playlist de clássicos de salsa
common_voice_pt_19893229.wav,198188,este último deve ser transportado no intervalo indicado pelo tribunal
common_voice_pt_19893256.wav,134444,jogue pandora no último fm
common_voice_pt_19893274.wav,140588,uma mulher toca um teclado na frente de um público
common_voice_pt_19893318.wav,115244,apenas trinta dias curtos
common_voice_pt_19907779.wav,214316,duas garotas jogando basquete em uniformes vermelhos e brancos
common_voice_pt_19918693.wav,215852,observar um máximo de dois campos de conhecimento na aplicação é meramente indicativo
common_voice_pt_19918715.wav,77612,bom dia
common_voice_pt_19918767.wav,92204,este cavalo tem mais de um poder de cavalo
common_voice_pt_19918771.wav,129836,educar em um novo paradigma de gestão do conhecimento
common_voice_pt_19918916.wav,159788,o homem está instalando a telha na parede do banheiro
common_voice_pt_19918958.wav,68396,ele fez muito
common_voice_pt_19918988.wav,94508,duas meninas andando na rua
common_voice_pt_19919083.wav,113708,dois jogadores de beisebol colidem
common_voice_pt_19919132.wav,120620,do bastião o melhor é a espinha
common_voice_pt_19919164.wav,89132,eu abaixei meus olhos
common_voice_pt_19919170.wav,100652,céu vermelho subindo perto
common_voice_pt_19919189.wav,125228,um homem idoso em um boné azul olhando para o chão
common_voice_pt_19919196.wav,127532,água pedra e fogo fuja se puder
common_voice_pt_19924965.wav,234284,quem teria pensado que um homem poderia mudar tudo
common_voice_pt_19928325.wav,138284,cinco homens de terno
common_voice_pt_19928350.wav,173612,ela está sendo infectada com gripe
common_voice_pt_19937846.wav,83756,o que
common_voice_pt_19937849.wav,123692,o falecido tinha que ter feito alguma armadilha
common_voice_pt_19937855.wav,111404,está frio em vigus tennessee
common_voice_pt_19937901.wav,218156,o restante dos programas de graduação conta como treinamento complementar
common_voice_pt_19937907.wav,80684,caracol
common_voice_pt_19937910.wav,202028,um homem está colocando massa de biscoito em folhas de cookie para assar
common_voice_pt_19937927.wav,238892,alguns homens asiáticos e uma mulher asiática sentado em um par de mesas
common_voice_pt_19937931.wav,194348,será quente no lugar atual duzentos e quatorze dias a partir de agora
common_voice_pt_19937934.wav,227372,uma foto de um casal andando na rua com caracteres chineses escritos na sinalização
common_voice_pt_19937937.wav,115244,peixe branco grelhado
common_voice_pt_19937940.wav,145964,para comer um pedaço de pão qualquer sardinha é boa
common_voice_pt_19937957.wav,200492,os fractais encontraram aplicações no processamento de imagens
common_voice_pt_19937960.wav,192812,este último deve ser transportado no intervalo indicado pelo tribunal
common_voice_pt_19937966.wav,144428,um close up de um homem que prende suas mãos acima no ar
common_voice_pt_19938289.wav,196652,um homem mais velho caminha pela calçada de um parque em direção ao estacionamento
common_voice_pt_19938294.wav,99116,faça pouca atenção
common_voice_pt_19938304.wav,131372,um cachorro marrom está rolando na grama
common_voice_pt_19938320.wav,201260,será entendido que qualquer licitante aceita o grau suficiente
common_voice_pt_19938325.wav,175148,meu cheque de pagamento não está chegando até a semana que vem
common_voice_pt_19945434.wav,221228,fila de cavalos de plástico que formam um passeio infantil com uma criança andando
common_voice_pt_19950856.wav,178988,uma mulher posicionou seu nariz de caiaque na água
common_voice_pt_19965614.wav,185900,um piloto usando fones de ouvido voando acima da terra
common_voice_pt_19965617.wav,166700,o homem e o menino voam o papagaio no parque
common_voice_pt_19971770.wav,198956,desde que foi consertado o carro não mostrou mais o problema
common_voice_pt_19990660.wav,147500,escolas para senhoras ensinam charme e graça
common_voice_pt_19990786.wav,147500,um homem trabalha na soldagem de um corrimão
common_voice_pt_19994617.wav,195884,a população estava aumentando exponencialmente
common_voice_pt_19994618.wav,178988,um homem se afogando vai se agarrar a um canudo
common_voice_pt_20003972.wav,159020,uma mulher está brincando no chão com um cachorro grande
common_voice_pt_20023471.wav,188204,eles estavam todos em pé quando ela escreveu
common_voice_pt_20027440.wav,184364,um rapaz usando sapatos brancos perseguindo várias galinhas
common_voice_pt_20059717.wav,183596,um músico muito tatuado está falando em um microfone
common_voice_pt_20060677.wav,123692,um homem vestindo um chapéu tirando uma soneca
common_voice_pt_20060713.wav,135980,coordenar a gestão com fornecedores
common_voice_pt_20060767.wav,180524,um casal asiático recém casado recebe pétalas de flores jogadas sobre eles
common_voice_pt_20063162.wav,136748,a voz feminina mais alta
common_voice_pt_20063165.wav,112940,um cachorro corre pela grama
common_voice_pt_20063230.wav,110636,um homem está dando um discurso
common_voice_pt_20063284.wav,126764,em julho ao sol geralmente é bom sol
common_voice_pt_20063501.wav,136748,um menino em uma camisa azul joga em uma tenda de salto
common_voice_pt_20063504.wav,107564,que tipo de papel é a melhor absorção de água
common_voice_pt_20063514.wav,103724,quem tem pão faz sopas
common_voice_pt_20063530.wav,210476,nenhuma redução será aplicada caso a diferença detectada seja inferior a cinco por cento
common_voice_pt_20063536.wav,187436,o mesmo argumento é para a terceira inscrição que reflete o legado do registrante
common_voice_pt_20063537.wav,159020,uma menina espirra na água perto de uma corrediça de água azul grande
common_voice_pt_20063560.wav,121388,um homem e uma mulher consertando alguma coisa
common_voice_pt_20063607.wav,100652,o snowboarder fica com ar sério
common_voice_pt_20063625.wav,161324,uma menina andando por uma trilha de natureza pula no ar
common_voice_pt_20063978.wav,132140,as folhas ficam marrons e amarelas no outono
common_voice_pt_20063979.wav,201260,adicionar o álbum de bernd begemann à minha lista de reprodução da minha vida
common_voice_pt_20063980.wav,119852,a enfermeira não está disposta a dar lhe o remédio
common_voice_pt_20064041.wav,166700,quatro crianças estão fazendo uma ponte de ginástica nas mãos e nos pés
common_voice_pt_20064053.wav,141356,um time de futebol joga diante de um estádio quase vazio
common_voice_pt_20064258.wav,119852,as pessoas estão reunidas em um parque
common_voice_pt_20064259.wav,113708,o que significa
common_voice_pt_20064283.wav,150572,um jovem está tirando uma foto de uma mulher em uma doca
common_voice_pt_20064304.wav,153644,uma menina está saltando de um balanço e pousando em seus pés
common_voice_pt_20064338.wav,228908,existe um grupo identificável de especialistas que a representam que acreditam e transmitem
common_voice_pt_20064358.wav,162092,homem com o pico das viúvas que alcanga acima da face da rocha
common_voice_pt_20064408.wav,102956,o problema foi resolvido
common_voice_pt_20064410.wav,129068,em breve maduro logo apodrece
common_voice_pt_20064426.wav,169004,eu me sinto como um charlatão usando esse elevador embora
common_voice_pt_20066711.wav,151340,um casal vestido com fantasias estranhas
common_voice_pt_20068931.wav,126764,procure o show card hunter
common_voice_pt_20069127.wav,140588,é exatamente o que eu queria
common_voice_pt_20078539.wav,268844,o plano ou esboço que facilita a localização geográfica de cada uma das performances
common_voice_pt_20078549.wav,213548,dois homens falaram em árabe enquanto tomavam uma bebida no bar
common_voice_pt_20078550.wav,176684,trabalhadores da construção civil a trabalhar à noite
common_voice_pt_20078552.wav,195884,um cara e uma menina apresentando objeto para o outro
common_voice_pt_20078559.wav,137516,nada arrisca nada ganha
common_voice_pt_20078591.wav,142124,a orquestra tem sua estréia hoje
common_voice_pt_20078593.wav,135980,cão preto que escava na neve branca
common_voice_pt_20078663.wav,165164,um homem pula no ar no meio de uma estrada
common_voice_pt_20078701.wav,210476,lua avermelhada e crescente vento forte
common_voice_pt_20078777.wav,160556,posso pelo menos manter a sopa de cebola
common_voice_pt_20080958.wav,176684,um homem mais velho está fazendo algodão doce enquanto outros olham
common_voice_pt_20080989.wav,188204,homem que faz uma volta sobre o concreto na frente das pessoas
common_voice_pt_20080992.wav,157484,no tempo frio há mais capa do que um chapéu
common_voice_pt_20081004.wav,234284,não há divisões nem competição nem interesses parciais nessa questão
common_voice_pt_20081006.wav,165932,mostre a programação do unborn mas esquecido
common_voice_pt_20081091.wav,148268,vibração tremulosa de uma nota
common_voice_pt_20081447.wav,139820,duas meninas montam um camelo perto da água
common_voice_pt_20081449.wav,178220,vamos betty vamos tomar uma bebida e afundar alguns
common_voice_pt_20081450.wav,194348,chegamos ao campo quando não resta muito porque está muito escuro
common_voice_pt_20081473.wav,193580,uma mulher oriental nova que senta se entre seus pertences
common_voice_pt_20081507.wav,185900,uma menina de chapéu de rosa olha para uma poça de água
common_voice_pt_20081508.wav,106796,eles tinham muito a divulgar
common_voice_pt_20081619.wav,160556,mulher que escuta o leitor de música ao fumar um cigarro
common_voice_pt_20081621.wav,185900,duas crianças estão se preparando para ir em um passeio de elefante
common_voice_pt_20081656.wav,179756,entenda o passado e tente não repetir erros no presente e no futuro
common_voice_pt_20081661.wav,170540,um jogador de rugby dá de ombros em frente a um adversário
common_voice_pt_20081670.wav,116012,quais são os horários dos filmes no bairro
common_voice_pt_20081684.wav,143660,o amigo escolhido e o irmão como ele vem
common_voice_pt_20081719.wav,145196,há tantas coisas que eu quero saber que não posso perder um segundo
common_voice_pt_20081720.wav,155180,um homem vestindo uma camisa branca e ele está se divertindo
common_voice_pt_20084795.wav,158252,dois caras bebendo e fazendo caretas
common_voice_pt_20084797.wav,108332,caminho primrose
common_voice_pt_20084805.wav,116780,ela assentiu
common_voice_pt_20084821.wav,100652,não faz sentido
common_voice_pt_20084826.wav,148268,suas últimas palavras nunca foram ouvidas
common_voice_pt_20087431.wav,117548,capelão eu agradeço
common_voice_pt_20087434.wav,205868,uma mulher está rolando seu carrinho de supermercado do outro lado da rua
common_voice_pt_20093297.wav,208172,um homem vestindo um uniforme de artes marciais está saltando pelo ar
common_voice_pt_20093298.wav,150572,meu cachorro late quando estranhos chegam
common_voice_pt_20093307.wav,221996,dois homens construindo um conjunto como para uma peça talvez
common_voice_pt_20093308.wav,140588,nossos planos agora são nebulosos
common_voice_pt_20093316.wav,208172,mais adiante examinaremos essa relação que acabamos de mencionar aqui
common_voice_pt_20093317.wav,125228,uma criança dormindo em paz
common_voice_pt_20093319.wav,230444,sacos baratos e baratos estão sendo vendidos em todos os lugares neste mercado
common_voice_pt_20093323.wav,82220,eu não concordo
common_voice_pt_20093324.wav,114476,tão doente quanto um cachorro
common_voice_pt_20093325.wav,79148,milhares
common_voice_pt_20103049.wav,281900,o bem conhecido quebra cabeça com um doce golfinho
common_voice_pt_20104656.wav,172844,as horas podem ser acumuladas a cada seis meses
common_voice_pt_20112981.wav,153644,se chover choverá o dia todo
common_voice_pt_20112983.wav,126764,outras informações veja as dobras
common_voice_pt_20112984.wav,175148,dançarina étnica fica na frente de outros artistas em um palco
common_voice_pt_20112986.wav,169004,duas crianças que estão entre dois carros vermelhos
common_voice_pt_20114615.wav,159020,um cão preto e castanho correndo em um campo
common_voice_pt_20114616.wav,176684,uma mulher batendo algo com uma rocha com uma cobaia no fundo
common_voice_pt_20114619.wav,132140,tocar boas músicas por the singing nun
common_voice_pt_20114625.wav,145196,uma mulher está verificando um celular enquanto caminhava
common_voice_pt_20114626.wav,143660,se ele tivesse isso eles também teriam isso
common_voice_pt_20114627.wav,185900,o avar é como o porco não é usado mas está morto
common_voice_pt_20114628.wav,135980,o jogador de beisebol dá um soco na bola
common_voice_pt_20114630.wav,186668,uma mulher em uma camisa azul e calça preta está consertando sua meia branca
common_voice_pt_20114632.wav,241196,as informações e conhecimentos desenvolvidos nos projetos serão de propriedade do beneficiário do projeto
common_voice_pt_20114633.wav,99884,isso rasga tanto
common_voice_pt_20114640.wav,89132,isso é tudo
common_voice_pt_20114641.wav,130604,foi um erro grave por parte do novo juiz
common_voice_pt_20114643.wav,109100,mulheres e seus filhos no parque
common_voice_pt_20115855.wav,215084,enquanto os gatos se afastam os ratos brincam
common_voice_pt_20115859.wav,148268,vamos começar tudo de novo que tal
common_voice_pt_20120104.wav,144428,homem tentando guiar um kit no deserto
common_voice_pt_20120108.wav,171308,pomares e moleiros a colheita nunca desmoronou
common_voice_pt_20120110.wav,99884,as coisas são assim
common_voice_pt_20120119.wav,221228,um macho em uma jaqueta verde aponta uma espingarda imaginária para o céu
common_voice_pt_20120120.wav,106028,é bem simples não é
common_voice_pt_20120131.wav,129068,por que a sarjeta cobre a rodada
common_voice_pt_20120141.wav,142124,um homem dando dois polegares para uma multidão
common_voice_pt_20120149.wav,163628,uma criança brinca com seu jogo de trem de brinquedo de madeira
common_voice_pt_20120150.wav,126764,uma criança sorri em um balanço da árvore
common_voice_pt_20120151.wav,176684,um homem com uma camisola amarela a apanhar um frisbee
common_voice_pt_20120154.wav,144428,ele não era um trabalhador mas ele tinha seu sangue
common_voice_pt_20120157.wav,99884,eu sempre disse isso
common_voice_pt_20120173.wav,132908,ela me disse para escrever uma peça para esta noite
common_voice_pt_20120175.wav,149804,um cachorro marrom e branco nadando na água
common_voice_pt_20120177.wav,176684,eu nunca vi essa abordagem para esta questão mas pode funcionar
common_voice_pt_20120180.wav,159788,menino novo que joga na areia com brinquedos plásticos
common_voice_pt_20120181.wav,167468,uma mulher em uma camisa de ciclismo anda de bicicleta
common_voice_pt_20120184.wav,145964,quais são os principais aplicativos para o meu celular
common_voice_pt_20120186.wav,159788,um casal em seu casamento cortando um bolo juntos
common_voice_pt_20120187.wav,226604,uma mulher e um homem fora de desfrutando da companhia uns dos outros
common_voice_pt_20120189.wav,134444,bom ou ruim quer ser parente da mulher
common_voice_pt_20120192.wav,136748,a retenção de dados não é a solução
common_voice_pt_20120194.wav,109868,feliz ano novo a todos
common_voice_pt_20120197.wav,241964,confrontada com a escolha entre cappuccino e espresso ela se decidiu por um americano
common_voice_pt_20120198.wav,172844,um tenista está se preparando para bater a bola com sua raquete
common_voice_pt_20120199.wav,199724,um homem em uma camisa xadrez fazendo um pequeno vaso de barro de terracota
common_voice_pt_20120202.wav,98348,um homem anda por uma arcada
common_voice_pt_20120203.wav,167468,isso é o que eu pensava também mas pode não ser verdade
common_voice_pt_20120204.wav,113708,qual é a programação do filme no bairro
common_voice_pt_20120205.wav,165164,o homem está correndo uma corrida está sendo aplaudido pelos espectadores
common_voice_pt_20120206.wav,203564,nosso relacionamento é respeitar nossas diferenças e manter cada um em seu campo
common_voice_pt_20120208.wav,148268,um homem sorridente com uma barba está tomando um banho de espuma
common_voice_pt_20120209.wav,109868,não é tão ruim suponho
common_voice_pt_20120210.wav,169004,uma escavadeira deixou a pedreira com cascalho grosso em sua pá
common_voice_pt_20120216.wav,132908,um violinista que joga atrás de uma sombra da gaiola
common_voice_pt_20120218.wav,132908,o alvo é o dono dos segredos da agricultura
common_voice_pt_20120219.wav,165164,cachorro correndo para fora do túnel na pista de obstáculos
common_voice_pt_20120221.wav,194348,um grupo de homens sentados em torno de uma mesa que tem garrafas vazias
common_voice_pt_20120222.wav,152108,um homem acenando e esqui aquático no meio de um lago
common_voice_pt_20120223.wav,145964,eu tenho estado muito ocupado nas últimas semanas
common_voice_pt_20120224.wav,165164,este é o jovem vestido com uma jaqueta amarela e preta
common_voice_pt_20120225.wav,86828,eu tenho que usar o banheiro
common_voice_pt_20120227.wav,140588,milhões de pessoas estão jogando no cinema
common_voice_pt_20120229.wav,153644,nelson mandela foi presidente da áfrica do sul por cinco anos
common_voice_pt_20120231.wav,190508,um menininha pulos corda através lote estacionamento
common_voice_pt_20120232.wav,142124,o mergulho do cisne estava longe de ser perfeito
common_voice_pt_20120236.wav,106028,para onde ele estava indo
common_voice_pt_20120237.wav,167468,um homem pula em direção à cesta de basquete enquanto outros assistem
common_voice_pt_20120249.wav,155948,haverá também várias surpresas para os participantes
common_voice_pt_20120250.wav,126764,as pessoas examinam livros em uma biblioteca
common_voice_pt_20120252.wav,167468,duas pessoas trabalhando tirando o lixo em seus uniformes
common_voice_pt_20120253.wav,111404,a mulher de chapéu azul está cortando comida
common_voice_pt_20120254.wav,163628,quatro humanos e quatro cães descansando na área de jantar
common_voice_pt_20120255.wav,167468,um surfista está levantando no ar em uma prancha de surf
common_voice_pt_20120256.wav,130604,um homem cai na bola durante um jogo de rúgbi
common_voice_pt_20120258.wav,136748,duas pessoas estão nas ruas segurando bandeiras
common_voice_pt_20120259.wav,130604,que ele frequentou um seminário até os dezesseis anos
common_voice_pt_20120262.wav,121388,o fato de que existe um requisito anterior
common_voice_pt_20120265.wav,142124,uma mulher trabalha no balcão de um jogo de carnaval
common_voice_pt_20120267.wav,138284,no tempo frio há mais capa do que um chapéu
common_voice_pt_20120268.wav,222764,encorajamos todos a participar ativamente obtendo seus comentários ou sugestões de mudanças
common_voice_pt_20120270.wav,125228,uma mulher em cinza olhando para a frente
common_voice_pt_20120271.wav,159788,homem mais idoso que monta o transporte público ao ler um jornal
common_voice_pt_20120272.wav,119084,novembro e fevereiro são marido e mulher
common_voice_pt_20120274.wav,132908,uma mulher em uma camiseta verde fala em um microfone
common_voice_pt_20120276.wav,132908,um cachorro preto molhado está andando na areia
common_voice_pt_20120277.wav,175148,uma mulher está sendo perseguida por uma criança na praia enquanto um homem olha
common_voice_pt_20120278.wav,132908,um homem perto de uma ponte no ato de jogar
common_voice_pt_20120280.wav,171308,por fim não se esqueça de enviar sua tarefa até esta semana
common_voice_pt_20120283.wav,106028,tocar música do youtube
common_voice_pt_20120290.wav,121388,há muito o que um corpo pode fazer
common_voice_pt_20120291.wav,163628,tem havido muita conversa acontecendo neste mundo
common_voice_pt_20120292.wav,99884,me ame ame meu cachorro
common_voice_pt_20120295.wav,152108,por favor use barras normais não barras invertidas
common_voice_pt_20120296.wav,111404,um menino está assistindo uma mulher
common_voice_pt_20120297.wav,136748,uma garota de malha rosa quente está pulando no ar
common_voice_pt_20120299.wav,125228,a questão da propriedade parece ser mais complicada
common_voice_pt_20120306.wav,122924,um grupo de homens assiste televisão
common_voice_pt_20120307.wav,211244,cães se familiarizando com a calçada enquanto seus donos se sentam nas proximidades
common_voice_pt_20120309.wav,215084,depois que o jantar descanse um tempo depois da ceia caminhe uma milha
common_voice_pt_20120310.wav,138284,um grupo de pessoas sentadas em um sofá tomando bebidas
common_voice_pt_20120311.wav,117548,crianças perseguindo a bola em um jogo de futebol
common_voice_pt_20120322.wav,169004,adicionar minha faixa à playlist de metal da velha escola
common_voice_pt_20120329.wav,117548,quando os cães pegam algo que sentem
common_voice_pt_20120330.wav,186668,criança brincando com peças de xadrez em um tabuleiro de xadrez
common_voice_pt_20120331.wav,126764,homem novo que escala sobre um corrimão
common_voice_pt_20120355.wav,122924,a retenção de dados não é a solução
common_voice_pt_20120356.wav,148268,este é o jovem vestido com uma jaqueta amarela e preta
common_voice_pt_20120357.wav,190508,confrontada com a escolha entre cappuccino e espresso ela se decidiu por um americano
common_voice_pt_20120363.wav,166700,uma escavadeira deixou a pedreira com cascalho grosso em sua pá
common_voice_pt_20120365.wav,116012,não há regra sem exceções
common_voice_pt_20120366.wav,132908,o bom vinho não precisa de um arbusto arauto
common_voice_pt_20120374.wav,160556,um policial em um cavalo cercado por espectadores
common_voice_pt_20120375.wav,121388,onde charlotte deixou as chaves
common_voice_pt_20120376.wav,146732,dois meninos jogam com um enigma em uma sala de aula
common_voice_pt_20120377.wav,169004,ele enviou os figos mas manteve as cerejas maduras
common_voice_pt_20120385.wav,200492,uma rua escura da cidade contendo uma mulher andando e muitos carros estacionados
common_voice_pt_20120386.wav,137516,um homem em um boné de beisebol azul pulando
common_voice_pt_20120387.wav,132908,várias pessoas que estabelece na praia
common_voice_pt_20120393.wav,109100,uma corrida para bater um tempo recorde
common_voice_pt_20120396.wav,156716,um homem de casaco vermelho e chapéu fala com outro homem de vermelho
common_voice_pt_20120398.wav,133676,victor e victoria gostam de viajar pela turquia
common_voice_pt_20120399.wav,178988,dois homens novos que saltam sobre dois registros de madeira grandes
common_voice_pt_20120402.wav,130604,o cachorro está sentado na encosta da colina
common_voice_pt_20120404.wav,182060,uma pessoa que monta um cavalo tentando amarrar um bezerro que está correndo deles
common_voice_pt_20120405.wav,134444,em resposta à controvérsia eles publicaram um artigo
common_voice_pt_20120406.wav,143660,a menina está usando um dispositivo flutuante na água
common_voice_pt_20120407.wav,135212,para aquela fileira muito fina o fio está quebrado
common_voice_pt_20120413.wav,162860,uma mulher de camisa azul aparece andando por um corredor estreito
common_voice_pt_20120415.wav,146732,povos africanos no desgaste tribal em um deserto
common_voice_pt_20120416.wav,139052,o cão de boa raça lembra o pão e o jogo
common_voice_pt_20120420.wav,125228,a pessoa de capuz vermelho salta da pilha de pedras
common_voice_pt_20120421.wav,92972,um avançado progressista radical
common_voice_pt_20120423.wav,144428,uma mulher está lendo enquanto mexendo com o pé em uma borda
common_voice_pt_20120427.wav,148268,pai e filha estão jogando em uma área rasa de um lago juntos
common_voice_pt_20120428.wav,135980,duas mulheres e uma menina levantam com troféus
common_voice_pt_20120429.wav,152876,nenhum homem é pior por conhecer o pior de si mesmo
common_voice_pt_20120431.wav,88364,doente de coração
common_voice_pt_20120432.wav,144428,as mulheres sentam se nos degraus lendo e bebendo
common_voice_pt_20120433.wav,124460,eu quero reservar um bar vizinho ao nosso apartamento
common_voice_pt_20120435.wav,79148,o que devo dizer
common_voice_pt_20120436.wav,101420,ela disse que linda fez isso
common_voice_pt_20120437.wav,118316,o frasco vazio estava na bandeja de lata
common_voice_pt_20120438.wav,122924,eu não acho que possa ser encontrado na biblioteca real
common_voice_pt_20120440.wav,143660,um homem está andando perto de uma parede muito colorida
common_voice_pt_20120441.wav,111404,naquele momento o telefone tocou
common_voice_pt_20129801.wav,106796,paul se desculpou com linda e abriu a porta
common_voice_pt_20129802.wav,138284,um menino novo que prende uma escova sobre o dissipador
common_voice_pt_20129803.wav,142124,pessoas que se aglomeram para ver barcos no oceano
common_voice_pt_20129804.wav,127532,abuso de autoridade por parte do partido
common_voice_pt_20129933.wav,112940,a peça começou assim que nos sentamos
common_voice_pt_20129934.wav,158252,as festas de páscoa e natal serão consideradas o dia trabalhado
common_voice_pt_20129937.wav,100652,uma propriedade rural
common_voice_pt_20129951.wav,119084,se fosse tão puro por que estava entediado
common_voice_pt_20129952.wav,139052,desejo encontrar um romance chamado holocausto africano
common_voice_pt_20129953.wav,119852,o fogo do inverno é metade da comida
common_voice_pt_20129954.wav,109100,podemos por favor sair agora
common_voice_pt_20129962.wav,110636,dois cachorrinhos brancos correndo
common_voice_pt_20129963.wav,152876,mulheres com uma camisa amarela falando com um homem mais velho
common_voice_pt_20129965.wav,96044,uma aula cheia de alunos
common_voice_pt_20129996.wav,87596,eu não escolhi essa frase
common_voice_pt_20129997.wav,133676,duas pessoas perseguindo borboletas e pegando elas
common_voice_pt_20129999.wav,76076,eu não fiz isso
common_voice_pt_20130000.wav,185900,uma pessoa encontra se metade debaixo de um carro de face para baixo
common_voice_pt_20130011.wav,109868,a primeira turma será composta pelos ricos
common_voice_pt_20130013.wav,112172,uma mulher pinta um desenho em um vaso
common_voice_pt_20130031.wav,72236,como pode ser
common_voice_pt_20130032.wav,188204,as pessoas estão dançando em uma plataforma quadriculada enquanto as pessoas estão assistindo
common_voice_pt_20130034.wav,86828,um cachorro em um carro
common_voice_pt_20130035.wav,93740,eu sei que sou um luxo
common_voice_pt_20130062.wav,119852,este homem está trabalhando na placa de circuito
common_voice_pt_20130064.wav,92204,mas ele estava errado
common_voice_pt_20130065.wav,152876,foi meu incentivo moral para todos os esforços que fiz até agora
common_voice_pt_20130078.wav,149036,um homem mergulha na água cercada por pedras e pinheiros
common_voice_pt_20130079.wav,109100,muitos bons dias são um ano ruim
common_voice_pt_20130080.wav,107564,para ladrões não há nada fechado
common_voice_pt_20130091.wav,162860,um homem está cantando em um microfone e outro homem está tocando violão
common_voice_pt_20130092.wav,132140,um homem de casaco preto está andando ao ar livre
common_voice_pt_20130093.wav,134444,noventa e cinco linhas e não mais é isso
common_voice_pt_20130094.wav,152876,veja os comentários comentários e avaliações no site
common_voice_pt_20130095.wav,99116,um homem e seu filho no lago
common_voice_pt_20142107.wav,152876,tranquilidade é o primeiro dever dos cidadãos
common_voice_pt_20142109.wav,142124,homens sendo entrevistados pela fox news
common_voice_pt_20142110.wav,145964,pode se ocupar com foco em seu trabalho
common_voice_pt_20142116.wav,192044,o uso de um passado ou outro varia do catalão para o espanhol
common_voice_pt_20142117.wav,121388,o trem está descendo a pista
common_voice_pt_20142118.wav,132908,uma criança está olhando livros
common_voice_pt_20142119.wav,159788,dois jogadores de basquete brigando por cima da bola
common_voice_pt_20142133.wav,232748,uma mulher está pintando uma cena do grand canyon em seu cavalete portátil
common_voice_pt_20142134.wav,143660,finalmente duas coisas se destacam
common_voice_pt_20142135.wav,228140,este é o direito de lucrar o socialismo refinado ou de segundo grau
common_voice_pt_20142136.wav,220460,uma multidão assistindo a um artista de rua e duas crianças pequenas
common_voice_pt_20142140.wav,163628,dois velhos em chapéus cochilam ao sol do lado de fora
common_voice_pt_20142145.wav,139052,um grupo de pessoas se reuniu para uma reunião
common_voice_pt_20142146.wav,146732,delitos de tráfico que constituem um crime
common_voice_pt_20142147.wav,101420,não é mel para a boca do burro
common_voice_pt_20142148.wav,165932,dois cães estão pulando em uma praia vazia com ondas
common_voice_pt_20142149.wav,119084,eu sou alérgico à penicilina
common_voice_pt_20142150.wav,219692,um treinador de um jogo escuta seus fones de ouvido e assiste ao jogo
common_voice_pt_20142151.wav,191276,um menino está jogando um balde de água em alguém em uma fonte
common_voice_pt_20142152.wav,195884,como vencedor carlos dá seu discurso de aceitação em frente ao palco
common_voice_pt_20142160.wav,101420,eu não sabia porque
common_voice_pt_20142161.wav,111404,abra o vimeo e toque música
common_voice_pt_20142162.wav,77612,um homem
common_voice_pt_20142164.wav,162092,um homem muito feliz em uma camisa colorida está dançando
common_voice_pt_20142165.wav,145196,duas pessoas estão em uma área árida
common_voice_pt_20142180.wav,149804,tudo bem eu preciso fazer uma ligação antes de sairmos
common_voice_pt_20142193.wav,196652,uma mulher vestindo uma luva branca espreita sobre a multidão
common_voice_pt_20142194.wav,95276,muito bem muito bem
common_voice_pt_20142195.wav,204332,uma mulher em um vestido laranja montando um passeio de carnaval
common_voice_pt_20142196.wav,178220,um palhaço que levanta para uma imagem com um coelho em um chapéu
common_voice_pt_20142208.wav,106028,claro que sou
common_voice_pt_20142211.wav,125228,eles ouviram as pessoas andando na rua
common_voice_pt_20142441.wav,129068,gostaria de estudar em stanford
common_voice_pt_20142443.wav,156716,o primeiro ano mais gasta a morte do que o vivo
common_voice_pt_20142444.wav,165932,a criança de short azul driblou a bola de basquete
common_voice_pt_20142445.wav,190508,uma mulher se senta em uma peça de mobiliário de arte
common_voice_pt_20142446.wav,185900,a criança pequena branca está perto do carro de esportes verde
common_voice_pt_20142463.wav,88364,o vioão era velho
common_voice_pt_20142464.wav,174380,vários homens de capacetes caminhando ao longo de um mirante nevado
common_voice_pt_20142465.wav,165164,dois homens arrastam malas por uma rua movimentada
common_voice_pt_20142467.wav,125228,garotinho correndo muito rápido
common_voice_pt_20142886.wav,152876,o coral de natal do éden está se apresentando
common_voice_pt_20142887.wav,169004,um menino está sendo espirrado em uma piscina
common_voice_pt_20142888.wav,182828,um casal de pé no escuro perto de algumas luzes festivas
common_voice_pt_20142889.wav,225068,que sejam projetos de inovação expansão e melhoria da competitividade
common_voice_pt_20142904.wav,226604,pessoa mais velha está ajudando uma criança em patins de gelo
common_voice_pt_20142907.wav,147500,revisão dos verões bascos de verão
common_voice_pt_20142909.wav,123692,ele viajou para portugual eu acho
common_voice_pt_20142910.wav,99884,crianças brincando na água
common_voice_pt_20142917.wav,132908,um homem sem camisa pinta o teto
common_voice_pt_20142924.wav,127532,isso é evidente por si mesmo não vamos mais falar
common_voice_pt_20142925.wav,169772,participantes de meia maratona reclamaram porque havia pouca sombra na estrada
common_voice_pt_20142941.wav,145964,quatro crianças estão brincando em uma colina de areia
common_voice_pt_20142944.wav,106796,todos devem ter o direito à educação
common_voice_pt_20142945.wav,122156,o cão de colarinho está saltando no ar
common_voice_pt_20142946.wav,171308,um homem sábio não precisa de conselho e um tolo não aceita
common_voice_pt_20142947.wav,169004,eu quero ouvir o álbum picchio dal pozzo de con hunley
common_voice_pt_20142948.wav,200492,em geral abordamos as pessoas interessadas em colaborar nos vários projetos que temos
common_voice_pt_20142949.wav,138284,um casal está andando pela calçada com seu cachorro
common_voice_pt_20142950.wav,162092,uma águia está chegando para um pouso na praia
common_voice_pt_20142951.wav,178988,um homem em um chapéu amarelo e azul que trabalha com madeira
common_voice_pt_20142952.wav,135980,nada perdido por falta de perguntar
common_voice_pt_20142953.wav,148268,as pessoas estão empacotando no mercado
common_voice_pt_20142954.wav,132140,menina de vermelho pulando de alegria
common_voice_pt_20142955.wav,175148,uma criança está desfrutando de uma bebida no supermercado
common_voice_pt_20142962.wav,134444,o cursor piscou com expectativa
common_voice_pt_20142963.wav,125228,fale comigo sobre isso
common_voice_pt_20142964.wav,151340,homem surfando em uma onda no oceano
common_voice_pt_20142965.wav,124460,a mãe vem conosco no trem
common_voice_pt_20142966.wav,187436,ele conhecia a habilidade da grande jovem atriz
common_voice_pt_20142968.wav,140588,um homem louro com uma trouxa está ao lado de uma lagoa
common_voice_pt_20142970.wav,114476,uma mulher com dor no quarto dela
common_voice_pt_20142976.wav,169772,homem e criança que andam ao longo da praia na água
common_voice_pt_20142977.wav,207404,reserve me uma reserva para o meio dia na french camp academy
common_voice_pt_20142978.wav,123692,ei não vá lá
common_voice_pt_20142979.wav,145964,o diabo encontra trabalho para mãos ociosas
common_voice_pt_20142980.wav,126764,onde estão as chaves
common_voice_pt_20142987.wav,155948,uma criança se ajoelha e levanta os braços
common_voice_pt_20142988.wav,139052,os jovens estão andando na rua à noite
common_voice_pt_20142990.wav,146732,uma criança que faz um castelo da areia na praia
common_voice_pt_20143131.wav,163628,um homem mais velho está sentado em um café relaxante
common_voice_pt_20143132.wav,141356,dois jovens estão em uma cabana
common_voice_pt_20143133.wav,160556,um bando de cachorros está correndo por uma trilha
common_voice_pt_20143135.wav,163628,por favor coloque um cabide no seu nariz antes de ler isto
common_voice_pt_20143151.wav,217388,uma vez cancelado eles podem enviar outro pedido via telemática
common_voice_pt_20143161.wav,103724,prenda dois pinos de cada lado
common_voice_pt_20143235.wav,172076,destinatários pessoas que não toleram a necessidade e precisam ser incorporadas
common_voice_pt_20143236.wav,110636,estrelas brilhantes trabalho no mar
common_voice_pt_20143237.wav,141356,um cachorro preto está perseguindo outro cachorro ao longo da praia
common_voice_pt_20143238.wav,157484,um homem novo em uma camisa amarela que senta se em um triciclo
common_voice_pt_20143244.wav,152108,um homem varrendo a bagunça no chão depois de um concerto
common_voice_pt_20143245.wav,159020,dois caras se divertindo jogando e cantando uma canção
common_voice_pt_20143248.wav,119084,um grupo de amigos está socializando
common_voice_pt_20143250.wav,190508,os tops são uma dádiva de deus nos dias quentes de verão
common_voice_pt_20143252.wav,138284,nunca diga que está chovendo até acabar
common_voice_pt_20143254.wav,166700,em relação ao documento resumo cuja qualidade é considerada melhorada
common_voice_pt_20143256.wav,152876,homem bonito e bar de vinhos eles estarão prontos em breve
common_voice_pt_20143257.wav,160556,um homem está sentado em uma banca de jornal lendo um jornal
common_voice_pt_20147487.wav,166700,eu nunca vi um rothschild antes
common_voice_pt_20147489.wav,182828,cada um está tomando o cenário com as bonitas luzes
common_voice_pt_20147491.wav,121388,que recepção eles receberam
common_voice_pt_20147493.wav,143660,o vale estava cheio de denso nevoeiro
common_voice_pt_20147509.wav,149804,dois homens estão servindo cerveja de uma torneira
common_voice_pt_20147511.wav,121388,eu preciso de uma mesa na junta spa
common_voice_pt_20147514.wav,106796,duas garotas em vestidos rindo
common_voice_pt_20147745.wav,100652,sim seria
common_voice_pt_20147747.wav,135980,ah como alguém poderia conseguir esse passe
common_voice_pt_20147749.wav,168236,dois homens assistem outro jogo em uma corneta de bronze
common_voice_pt_20148274.wav,185900,muitos soldados da segunda guerra mundial nunca foram enterrados em um cemitério
common_voice_pt_20148275.wav,144428,apenas morre ou desaparece quem não ama
common_voice_pt_20148277.wav,121388,oh eu sei disso
common_voice_pt_20148278.wav,184364,um surfista acabou de sair de uma onda em sua prancha de surfe
common_voice_pt_20156507.wav,103724,um jogador de futebol aponta
common_voice_pt_20156508.wav,240428,um homem com cabelos longos amarrados e vestindo uma camisa azul está tocando clarinete
common_voice_pt_20156509.wav,125228,as pessoas estão passeando em um mercado
common_voice_pt_20156510.wav,161324,um menino dribla uma bola de basquete no ginásio
common_voice_pt_20156518.wav,167468,classifique um zero ponto de conflito de visões
common_voice_pt_20156519.wav,203564,uma jovem garota em um parque lança um objeto no ar
common_voice_pt_20156520.wav,211244,o garoto se aproximou da garota e quando ela sorriu ele fez o mesmo
common_voice_pt_20156521.wav,165164,cinco pessoas estão sentadas juntas na neve
common_voice_pt_20156540.wav,245804,um homem asiático de preto pendurando um enorme porco morto a seus pés
common_voice_pt_20156544.wav,140588,uma aluna está estudando em uma biblioteca
common_voice_pt_20156547.wav,186668,um homem está correndo um camelo como se fosse um cavalo
common_voice_pt_20156562.wav,125228,eu sei eu sei
common_voice_pt_20156565.wav,217388,um lutador está pronto para pular em outro lutador fora do ringue
common_voice_pt_20156570.wav,195884,dois ciclistas estão esperando em uma zona de travessia
common_voice_pt_20156581.wav,109868,qual será o tempo aqui
common_voice_pt_20156582.wav,126764,dois coelhos em uma gaiola
common_voice_pt_20156583.wav,167468,o jovem olha para a fonte em um dia ensolarado
common_voice_pt_20156592.wav,240428,nem sempre dessa forma mas eu sempre apareço de uma forma ou de outra
common_voice_pt_20156595.wav,213548,uma criança masculina caucasiano varre o assoalho telhado
common_voice_pt_20156603.wav,195884,ele não tinha ideia de como ele iria se transformar no vento
common_voice_pt_20156611.wav,218924,estava amontoado em e ele mal pensara nisso há muito tempo
common_voice_pt_20156612.wav,153644,um homem sem camisa sobe uma parede de rocha
common_voice_pt_20156614.wav,211244,o outono está aqui agora e estamos vendo um belo céu azul pela manhã
common_voice_pt_20156626.wav,75308,já
common_voice_pt_20156627.wav,171308,eu fiz isso antes com o virtualbox com bons resultados
common_voice_pt_20156628.wav,203564,primeiro eles falam ao virar da esquina depois um atrás do outro
common_voice_pt_20156629.wav,251948,oito pessoas vestindo ternos vermelhos e carregando bolsas vermelhas estão atravessando uma ponte
common_voice_pt_20156630.wav,115244,o que está acontecendo aqui
common_voice_pt_20156640.wav,161324,os ingressos para a transmissão foram todos embora
common_voice_pt_20156642.wav,109868,eles eram o tesouro dele
common_voice_pt_20156643.wav,96044,poderia repetir
common_voice_pt_20156644.wav,203564,não vai te machucar e podemos fazer a edição da cidade
common_voice_pt_20156656.wav,195884,uma mulher em branco processa comida em um ambiente de fábrica
common_voice_pt_20156657.wav,145964,a água neste poço é uma fonte de boa saúde
common_voice_pt_20156660.wav,182828,trabalhadores tratam tecidos em piscinas externas de corante
common_voice_pt_20156672.wav,103724,quem te disse para fazer isso
common_voice_pt_20156673.wav,117548,hipster executa no violão
common_voice_pt_20156674.wav,140588,uma mulher com um capacete vermelho está pulando
common_voice_pt_20156675.wav,149804,escolhemos uma topologia de toro para nossa rede
common_voice_pt_20156676.wav,155948,algumas pessoas estão examinando vinhos em uma mesa
common_voice_pt_20156677.wav,88364,eu sinto sua falta
common_voice_pt_20156679.wav,152108,duas pessoas acabaram de fazer compras para produzir
common_voice_pt_20156683.wav,122924,café da manhã no café da manhã de amanhã
common_voice_pt_20156687.wav,178988,o velho com uma bengala está ouvindo um walkman
common_voice_pt_20156692.wav,148268,malhar no ferro enquanto está quente
common_voice_pt_20156694.wav,99884,o que isso significa
common_voice_pt_20156695.wav,171308,esta é a imagem de seis crianças asiáticas com pandeiros
common_voice_pt_20156706.wav,98348,como sabemos que acabou
common_voice_pt_20156707.wav,169004,eu amo shooters call of duty é o meu favorito
common_voice_pt_20156708.wav,182828,agora eu estou começando o que eu poderia ter começado dez anos atrás
common_voice_pt_20156709.wav,199724,cinco pessoas usando equipamentos de mergulho estão reunidas em águas calmas
common_voice_pt_20156885.wav,159788,adversidade e perda fazem um homem sábio
common_voice_pt_20156891.wav,207404,eu quero ouvir o álbum live in munich de laura love
common_voice_pt_20156893.wav,75308,todos riram
common_voice_pt_20156901.wav,138284,infelizmente a escolha é permanente
common_voice_pt_20156903.wav,240428,o terminal está quase vazio apenas algumas pessoas estão lá chegando ao seu destino
common_voice_pt_20156904.wav,180524,um homem com uma roupa azul está balançando uma espada no ar
common_voice_pt_20156905.wav,159788,as pessoas às compras no mercado coberto de tenda
common_voice_pt_20156916.wav,153644,um homem mais velho em uma escada tende a plantas
common_voice_pt_20156917.wav,155948,eu quero reservar um bar de ostras para cinco pessoas
common_voice_pt_20156918.wav,161324,um esquiador em vermelho está alto no ar
common_voice_pt_20156919.wav,98348,eu sou uma vaca
common_voice_pt_20156920.wav,221228,o menino loiro está vestindo uma camisa vermelha e pulando de um escorregador azul
common_voice_pt_20156926.wav,226604,verifique se o site é financiado por anúncios doações ou outros
common_voice_pt_20156928.wav,130604,um cão preto e branco salta pela água
common_voice_pt_20156930.wav,152108,a banda está se preparando para o seu desempenho
common_voice_pt_20156933.wav,155948,que tal mais uma vez ao redor do parque
common_voice_pt_20156934.wav,130604,eu não gostaria de usar essa banheira
common_voice_pt_20156935.wav,209708,dois cães passam uns aos outros perto de um pouco de água
common_voice_pt_20156936.wav,203564,o macho em uma camisa azul e boné skates em uma rua da cidade
common_voice_pt_20156937.wav,261164,isso lhe dá comandos para começar e uma boa estrutura para repetir comandos rapidamente
common_voice_pt_20156938.wav,171308,tem biblioteca ervas e germoplasma
common_voice_pt_20156939.wav,202028,eu nunca tinha ouvido falar de alquimistas antes de o menino disse
common_voice_pt_20156941.wav,119084,tudo foi escrito pela mesma mão
common_voice_pt_20156949.wav,103724,olá benjamin
common_voice_pt_20156951.wav,169004,fornecimento e instalação de um sistema de guia de áudio
common_voice_pt_20156953.wav,142124,um cachorro está pulando no ar para pegar um brinquedo
common_voice_pt_20156954.wav,194348,um homem de jaqueta preta olhando por cima do corrimão de um barco
common_voice_pt_20156961.wav,122924,ambiente de trabalho mais amigável
common_voice_pt_20156962.wav,172844,a imagem mostra várias pessoas comendo em mesas ao ar livre
common_voice_pt_20156964.wav,188204,um alpinista é preso por cordas a uma face de rocha marrom
common_voice_pt_20156986.wav,175148,um menino está em um banho de espuma olhando para as bolhas
common_voice_pt_20156987.wav,149804,um homem senta se em um cavalo com montanhas ao fundo
common_voice_pt_20156988.wav,171308,um homem em uma camisa verde em um salão de cabeleireiro
common_voice_pt_20156989.wav,195884,um grande cão bronzeado está saltando sobre obstáculos em um curso
common_voice_pt_20156996.wav,169004,encontrar um restaurante em pembine montana
common_voice_pt_20156997.wav,175148,uma pessoa flutua na água perto de pedras e uma cachoeira
common_voice_pt_20156998.wav,107564,quebre essa multidão
common_voice_pt_20156999.wav,103724,eu sei como eles se sentem
common_voice_pt_20157001.wav,149804,eu quero reservar uma pizzaria no afeganistão
common_voice_pt_20157004.wav,145964,dois cães rajados correndo na grama
common_voice_pt_20157005.wav,111404,o tronco de uma estátua
common_voice_pt_20157006.wav,213548,duas pessoas vestindo trajes verdes e roxos brilhantes com máscaras brancas
common_voice_pt_20157008.wav,136748,um homem mais velho bebe de um copo de vinho
common_voice_pt_20157011.wav,195884,uma mulher em uma montra segurando um monte de balões amarelos
common_voice_pt_20157015.wav,111404,uma mãe na rua com seu filho
common_voice_pt_20157021.wav,155948,uma mulher se protege do sol com seu guarda chuva
common_voice_pt_20157022.wav,176684,ajudaria o leitor a entender melhor o seu método
common_voice_pt_20157023.wav,221228,este é o direito de lucrar o socialismo refinado ou de segundo grau
common_voice_pt_20157025.wav,263468,adicione a música de justin furstenfeld à lista de músicas pop em ascensão
common_voice_pt_20157031.wav,136748,ela acha que o mundo tem pés de barro
common_voice_pt_20157032.wav,111404,eu estou fumando demais
common_voice_pt_20157033.wav,215084,uma pessoa asiática mais velha mistura vegetais em uma grande cuba
common_voice_pt_20157034.wav,184364,um homem está sentado ao lado da rua com vasos de latão
common_voice_pt_20157041.wav,213548,o reitor o secretário geral e o gerente da universidade são membros
common_voice_pt_20157043.wav,194348,foi uma lua tão boa que as novas granadas fizeram o bem
common_voice_pt_20157044.wav,165164,um homem de camisa azul está andando sobre uma ponte
common_voice_pt_20157045.wav,175148,um homem de camisa laranja está parado na calçada
common_voice_pt_20157046.wav,184364,um par que guarda as mãos ao andar abaixo da praia
common_voice_pt_20157047.wav,244268,finalmente na tabela dez podemos ver a evolução dos empregos no setor da construção
common_voice_pt_20157049.wav,203564,uma mulher asiática e areia em um mercado com o seu bem
common_voice_pt_20157050.wav,198188,eu não acho que seja um sistema ideal porque ele registra na parte errada
common_voice_pt_20157056.wav,190508,reserve uma reserva para oito pessoas em dakota do norte
common_voice_pt_20157057.wav,209708,uma pessoa passeando por uma floresta cor de laranja com um cachorro
common_voice_pt_20157058.wav,140588,aquele que canta afasta a tristeza
common_voice_pt_20157059.wav,111404,o que eu posso fazer
common_voice_pt_20157060.wav,169004,qual será o tempo às seis horas nas ilhas virgens
common_voice_pt_20157062.wav,228908,dois meninos subindo postes de telefone para ficar fora das águas da enchente
common_voice_pt_20157063.wav,157484,sabemos que e estamos acostumados a isso
common_voice_pt_20157064.wav,125228,ele está falando como uma criança
common_voice_pt_20157067.wav,163628,unidade que processa arquivo secretária
common_voice_pt_20157068.wav,130604,uma mulher está andando na calçada
common_voice_pt_20157069.wav,126764,agora isso nem sempre é o caso
common_voice_pt_20157070.wav,209708,começou a soprar com mais força a elevação das areias do deserto
common_voice_pt_20157077.wav,149804,eu vou assumir muitos pratos e coisas
common_voice_pt_20157078.wav,129068,talvez ele seja mesmo um tolo
common_voice_pt_20157079.wav,167468,um homem novo e uma mulher que desgastam a dança vermelha
common_voice_pt_20157080.wav,119084,um menino gosta de um banho de chuva
common_voice_pt_20157094.wav,226604,um grande grupo de jovens vestidos com tops brancos e fundos verdes
common_voice_pt_20157096.wav,134444,segunda feira não é meu pior dia da semana
common_voice_pt_20157098.wav,198188,um grande cão bronzeado está correndo com um item verde em sua boca
common_voice_pt_20157099.wav,184364,há pessoa em pé na água e brincando com um cachorro
common_voice_pt_20157100.wav,115244,tempo tudo cura
common_voice_pt_20157101.wav,163628,o homem vestindo jeans azul está pescando
common_voice_pt_20157102.wav,205868,todas essas funções são indispensáveis durante a vida do projeto
common_voice_pt_20157103.wav,175148,um homem em uma jaqueta de couro marrom toca guitarra
common_voice_pt_20157105.wav,184364,uma jovem garota contorce seu corpo durante uma performance
common_voice_pt_20157106.wav,144428,uma cebola por dia mantém todos longe
common_voice_pt_20157107.wav,157484,cavaleiro da bicicleta pulando obstáculos
common_voice_pt_20157108.wav,225068,certifique se de ler atentamente as instruções antes de iniciar seu projeto
common_voice_pt_20157110.wav,102188,velho não passará
common_voice_pt_20157116.wav,126764,alguém pode me dizer o que está acontecendo
common_voice_pt_20157117.wav,178988,nem mulher sem vergonha nem planta na florida de março
common_voice_pt_20157119.wav,192044,um monte de casais sentam se fora em um parque durante o dia
common_voice_pt_20157120.wav,152108,uma pessoa andando por um beco em direção à luz
common_voice_pt_20157121.wav,132908,ela também lidou com o soco
common_voice_pt_20157122.wav,276524,uma mulher em um vestido estampado floral e uma cabeça raspada em uma loja
common_voice_pt_20157123.wav,192044,eu estou gostando do som dessa economia baseada em ovo de avestruz
common_voice_pt_20157124.wav,138284,regras são feitas para serem quebradas
common_voice_pt_20157125.wav,138284,uma garota usa um vestido verde
common_voice_pt_20157126.wav,126764,e por que dizer isso
common_voice_pt_20157127.wav,126764,muitas pessoas andam pela loja
common_voice_pt_20157128.wav,152108,ele empregou a mais astuta das táticas
common_voice_pt_20157129.wav,180524,peça ao advogado para deixar cair a causa perdida
common_voice_pt_20157130.wav,140588,um homem e uma mulher estão dançando juntos
common_voice_pt_20157136.wav,132908,melhor se apressar e se barbear
common_voice_pt_20157137.wav,245804,aceso todos saúdam frescos piedosos alegres livres
common_voice_pt_20157139.wav,92204,nem um pouco
common_voice_pt_20157151.wav,180524,uma mulher abre um presente enquanto bebe cerveja
common_voice_pt_20157152.wav,138284,pessoas que circulam depois de um show
common_voice_pt_20157154.wav,107564,pep toma a pomada
common_voice_pt_20157155.wav,161324,se a barriga não for feliz todo o seu corpo sofrerá
common_voice_pt_20157157.wav,96044,eu quero pagar a conta
common_voice_pt_20157162.wav,157484,eles se sentiram alegres quando o navio chegou no porto
common_voice_pt_20157163.wav,157484,qualquer declaração sobre a insurreição vermelha amanhã
common_voice_pt_20157165.wav,106028,podemos falar amanhã
common_voice_pt_20157171.wav,163628,menina e menino beijando nas sombras
common_voice_pt_20157172.wav,171308,eu quero descobrir quando o midnight club está jogando
common_voice_pt_20157173.wav,90668,ele não respondeu
common_voice_pt_20157174.wav,182828,senhoras e senhores deputados todos traiçoeiros
common_voice_pt_20157177.wav,98348,mas eu não vou fazer isso
common_voice_pt_20157178.wav,228908,um mergulhador de águas profundas está em pleno equipamento estudando uma tartaruga marinha
common_voice_pt_20157179.wav,175148,um homem mais velho está bebendo e segurando um martelo gigante
common_voice_pt_20157180.wav,138284,deslize a nota entre as duas folhas
common_voice_pt_20157181.wav,142124,o sol foi transformado em um disco de ouro
common_voice_pt_20157182.wav,138284,um rapaz pequeno que joga em um bico de água
common_voice_pt_20157183.wav,159788,eu gosto da cidade mas em julho é muito quente
common_voice_pt_20157184.wav,138284,o espaço rapidamente se encheu de pessoas
common_voice_pt_20157185.wav,178988,ela virou se para john e gritou look out
common_voice_pt_20157191.wav,221228,para nossos objetivos é claro vamos querer usar um comando de voz
common_voice_pt_20157193.wav,190508,a combinação de trompetes violinos e bateria é bastante incomum
common_voice_pt_20157196.wav,167468,pessoa de jaqueta preta e shorts correndo na chuva
common_voice_pt_20157197.wav,122924,lima é a capital do peru
common_voice_pt_20157198.wav,169004,há uma caravana saindo hoje para al fayoum
common_voice_pt_20162014.wav,259628,palhaços andando pela rua aparentemente em um desfile com um porta potty no fundo
common_voice_pt_20162015.wav,118316,duas equipes patinando
common_voice_pt_20162017.wav,162092,carvalhos poderosos de pequenas bolotas crescem
common_voice_pt_20162018.wav,137516,eles vão as leis onde os reis querem
common_voice_pt_20162024.wav,224300,eu esperava que eles voltassem logo mas agora estou realmente começando a me preocupar
common_voice_pt_20162025.wav,141356,aqui está uma explicação de por que não há ninguém
common_voice_pt_20162026.wav,100652,crianças dormindo no chão
common_voice_pt_20162027.wav,140588,uma senhora explicando com as mãos que era tão grande
common_voice_pt_20162029.wav,170540,um menino está nas costas de outra pessoa que está usando um chapéu
common_voice_pt_20162030.wav,143660,para são francisco leve o ourives
common_voice_pt_20162031.wav,96812,classifique o livro atual como zero
common_voice_pt_20162032.wav,185900,as pessoas estão andando por um carrossel brilhante que algumas pessoas estão sentadas
common_voice_pt_20162033.wav,152108,dois cavalos com corredores correm ao longo da pista
common_voice_pt_20162350.wav,125228,um homem senta se em uma calçada
common_voice_pt_20162351.wav,106796,graham treinou rigidamente
common_voice_pt_20162352.wav,211244,mulheres em uma competição de natação de revezamento estão decolando da linha de largada
common_voice_pt_20162353.wav,186668,como aproximação usamos uma distribuição gaussiana multivariada
common_voice_pt_20162354.wav,119084,construções de pedra não queimam
common_voice_pt_20162365.wav,143660,uma pessoa em uma bicicleta de bmx
common_voice_pt_20162369.wav,154412,homem de uniforme fica perto de mulher com cabelo roxo
common_voice_pt_20162371.wav,92972,tudo acabou
common_voice_pt_20162373.wav,182828,mergulhador sob a água segurando pequeno crustáceo em suas mãos
common_voice_pt_20162374.wav,105260,a viajem será longa
common_voice_pt_20162385.wav,231980,vantagens competitivas que podem ser usadas para reter e atrair talentos e capital humano
common_voice_pt_20162386.wav,92972,foi inútil
common_voice_pt_20162387.wav,158252,sacos de plástico acabaram sendo um problema para o meio ambiente
common_voice_pt_20162388.wav,111404,mas aonde estamos indo
common_voice_pt_20162389.wav,166700,uma criança está dormindo do lado de fora da área de dormir
common_voice_pt_20162482.wav,270380,grande grupo de pessoas se reuniram no piquenique ou churrasco perto de prédio
common_voice_pt_20162483.wav,117548,me fale sobre isso
common_voice_pt_20162484.wav,167468,encontre filmes animados na área
common_voice_pt_20162494.wav,215852,uma égua cinza caminhou diante do potro
common_voice_pt_20162496.wav,194348,muito mais é aprendido olhando os livros de decoração
common_voice_pt_20162500.wav,222764,um cara em um skate está fazendo um truque ao entardecer
common_voice_pt_20162503.wav,294956,planejar e gerenciar os serviços presenciais e virtuais oferecidos pelo serviço
common_voice_pt_20162557.wav,138284,vamos fazer uma noite
common_voice_pt_20162558.wav,153644,o que aconteceu com ele
common_voice_pt_20162559.wav,180524,uma mulher em um vestido brilhante está dançando
common_voice_pt_20162560.wav,165164,apesar disso eu ainda acreditava que havia homens em marte
common_voice_pt_20163019.wav,249644,um homem vestindo um casaco azul e jeans comendo um cachorro quente
common_voice_pt_20163020.wav,121388,quando não há campos não há para os santos
common_voice_pt_20163021.wav,99884,o velho burro não se alonga mas entende
common_voice_pt_20163023.wav,152108,como eles conseguiram improvisar em tão pouco tempo ela nunca saberá
common_voice_pt_20165578.wav,168236,dois artistas de rua estão fazendo truques com fogo
common_voice_pt_20165579.wav,161324,uma equipe em um campo de futebol
common_voice_pt_20165580.wav,165164,um homem está montando um wakeboard no oceano
common_voice_pt_20165581.wav,151340,uma mulher e um homem estão dançando na grama
common_voice_pt_20165797.wav,186668,um jogador de beisebol de atlanta está usando uma luva no campo interno
common_voice_pt_20165800.wav,143660,eles pularam pela janela
common_voice_pt_20165804.wav,153644,no emacs familiarize se com o modo de sub palavras
common_voice_pt_20165806.wav,139052,o carro no entanto não foi danificado
common_voice_pt_20165827.wav,109100,oh o que é isso
common_voice_pt_20165828.wav,88364,está na frente da casa dele
common_voice_pt_20165829.wav,216620,crianças e adultos nadam na grande piscina com escada vermelha
common_voice_pt_20165830.wav,108332,o besouro zumbiu no sol quente de junho
common_voice_pt_20165831.wav,61484,foi muito bom
common_voice_pt_20166054.wav,274988,quatro pessoas estão tocando instrumentos incluindo uma mulher vestida de preto tocando uma flauta
common_voice_pt_20166058.wav,136748,eu também experimentei uma solução mais sofisticada para este problema
common_voice_pt_20170376.wav,145964,mulheres sendo salpicadas por tinta vermelha
common_voice_pt_20170377.wav,173612,eu era o único paciente na sala de espera
common_voice_pt_20170379.wav,122156,lua manchada bonança garantida
common_voice_pt_20173701.wav,163628,um homem com uma mala está começando a se sentar em duas cadeiras
common_voice_pt_20173702.wav,211244,considerando o crescimento da população humana insetos pode ser a comida do futuro
common_voice_pt_20173703.wav,159788,um cão preto e branco com um colarinho azul anda através da grama
common_voice_pt_20173704.wav,88364,foi lá que o sábio viveu
common_voice_pt_20173717.wav,178988,duas mulheres jovens estão sentadas no meio fio e conversando
common_voice_pt_20173718.wav,202028,para comer e arranhar um homem precisa apenas começar
common_voice_pt_20173719.wav,132908,introdução à equipe da exposição
common_voice_pt_20173720.wav,199724,cinco adultos de terno e vestido tiram uma soneca em um pedaço de grama
common_voice_pt_20173727.wav,130604,então as grandes precauções vieram
common_voice_pt_20173728.wav,205868,um homem e um cachorro branco estão olhando para uma exibição de cartões postais
common_voice_pt_20173729.wav,109868,mude a posição do mouse
common_voice_pt_20173736.wav,172844,duas crianças brincando na neve perto de uma pilha de toras
common_voice_pt_20173737.wav,144428,a senhora está sentada a um bom jantar de frango
common_voice_pt_20173740.wav,140588,mandando um pistoleiro para me sequestrar
common_voice_pt_20173746.wav,117548,pedra que rola não põe musgo
common_voice_pt_20173747.wav,121388,noite de julho a chuva não quer
common_voice_pt_20173749.wav,136748,vamos começar tudo de novo e quanto a isso
common_voice_pt_20173750.wav,184364,duas mulheres estão sentadas conversando e rindo juntas
common_voice_pt_20173756.wav,144428,um homem está descendo um penhasco sobre o oceano
common_voice_pt_20173758.wav,130604,um jovem skatista pulando um truque no ar
common_voice_pt_20173760.wav,115244,a jovem está jogando basquete
common_voice_pt_20173890.wav,240428,bolhas de sabão são sopradas em um quadrado onde as pessoas as perseguem
common_voice_pt_20173891.wav,230444,quatro crianças encapuzadas se amontoam debaixo de um cobertor ao ar livre
common_voice_pt_20173892.wav,232748,dois homens lutam em uma luta de boxe com luvas brancas
common_voice_pt_20173893.wav,149804,eles me deram uma casa em um hotel comigo
common_voice_pt_20173894.wav,161324,fomos ao shopping ontem
common_voice_pt_20174340.wav,161324,duas pessoas caminham por um caminho nas florestas preservadas
common_voice_pt_20174341.wav,159788,um homem mulher e criança se divertindo em uma praia
common_voice_pt_20174343.wav,117548,os homens nunca entenderam as palavras dos sábios
common_voice_pt_20174344.wav,84524,a praia parecia tão bonita
common_voice_pt_20177286.wav,250412,uma criança com uma mochila laranja está carregando uma casa de pássaros verdes
common_voice_pt_20177287.wav,178988,o departamento de serviços de saúde depende da gestão de serviços de saúde
common_voice_pt_20177288.wav,115244,ninguém prestou atenção aos dois viajantes
common_voice_pt_20177289.wav,159788,um jovem derramando chá dentro de um frasco de vidro
common_voice_pt_20177293.wav,95276,karen não virá hoje
common_voice_pt_20177295.wav,88364,eu realmente não sei
common_voice_pt_20177297.wav,166700,o filhote puxou a coleira quando viu uma forma felina
common_voice_pt_20177298.wav,228908,comunicar intenções idéias e sentimentos de forma consistente e honesta
common_voice_pt_20177299.wav,98348,os sábios entenderão
common_voice_pt_20178415.wav,115244,poder corrompe
common_voice_pt_20178416.wav,140588,uma mulher dá o polegar para cima na encosta
common_voice_pt_20178417.wav,165164,as crianças estão andando no caminho ladeado por árvores
common_voice_pt_20178418.wav,88364,eu quero continuar
common_voice_pt_20178424.wav,249644,tampe o frasco com uma tampa de latão apertada
common_voice_pt_20178425.wav,190508,um macho de camisa marrom está usando uma faca para cortar um bolo
common_voice_pt_20178428.wav,161324,duas senhoras bonitas mostram as costas baixas de seus vestidos
common_voice_pt_20178436.wav,121388,ele tem outras coisas para fazer primeiro
common_voice_pt_20178437.wav,171308,então ela pegou as duas mãos dele na dela e começou a orar baixinho
common_voice_pt_20178438.wav,192044,não se preocupe e deixe os quietos ela acabou dizendo enquanto enterrava seu burro
common_voice_pt_20179481.wav,122924,quem é seu amigo perguntou o chefe
common_voice_pt_20179482.wav,140588,colar pode limpar o latão mais sujo
common_voice_pt_20179484.wav,202028,um homem mais velho em uma jaqueta preta olhando para baixo
common_voice_pt_20179738.wav,160556,dois cães estão se esfregando nariz a nariz
common_voice_pt_20179740.wav,155948,quatro crianças em um ovo falso se divertindo
common_voice_pt_20179742.wav,142892,não há mais nada que possamos fazer hoje à noite
common_voice_pt_20179746.wav,129068,uma criança está posando com pateta
common_voice_pt_20180388.wav,194348,várias crianças praticando artes marciais com espadas de madeira
common_voice_pt_20180390.wav,198188,um homem fica em pernas de pau enquanto as crianças assistem
common_voice_pt_20180392.wav,192044,homem de camisa azul andando de bicicleta fumando um cigarro
common_voice_pt_20180393.wav,145964,consultar calendário para esta final de semana
common_voice_pt_20183192.wav,286508,um homem e uma mulher em preto e branco estão em um elevador
common_voice_pt_20183193.wav,238124,e isso enquanto ele não vive de forma independente ou admite trabalhar a vida
common_voice_pt_20183195.wav,178220,as pessoas estão se dedicando à música e se divertindo muito
common_voice_pt_20183196.wav,208940,um macho em um terno preto e chapéu segurando o fio
common_voice_pt_20183207.wav,232748,de acordo com o dicionário a palavra gizmo significa o mesmo que gadget
common_voice_pt_20183209.wav,104492,ela escreveu as coisas
common_voice_pt_20183210.wav,91436,mas então ele parou
common_voice_pt_20183212.wav,228140,em nosso caminho para são francisco estávamos ouvindo música reggae e fumando maconha
common_voice_pt_20183214.wav,156716,e espero que mark supere higgins
common_voice_pt_20185307.wav,235052,ela também é uma pessoa que gosta de conversar
common_voice_pt_20185308.wav,139820,eu me pergunto o que ele quer
common_voice_pt_20185309.wav,218156,um homem com um suéter vermelho segura uma criança em cima de seus ombros
common_voice_pt_20185310.wav,109868,recite o horário do filme
common_voice_pt_20185313.wav,198188,por favor encontre o trabalho the burning world
common_voice_pt_20185337.wav,181292,se a barriga não for feliz todo o seu corpo sofrerá
common_voice_pt_20185338.wav,151340,um homem passa por um clube chamado 'gruta'
common_voice_pt_20185339.wav,202796,uma mulher apenas soltando uma bola de boliche na pista de boliche
common_voice_pt_20185340.wav,187436,cruzamento movimentado no horário de verão em uma cidade
common_voice_pt_20185341.wav,227372,as regras de correio podem ser usadas para mover encaminhar ou excluir novas mensagens
common_voice_pt_20200600.wav,142124,uma banda praticando para um show
common_voice_pt_20200603.wav,140588,eu devo a eles mais de um milhão
common_voice_pt_20204955.wav,163628,uma garota de camisa azul salta no ar
common_voice_pt_20204957.wav,79148,venha
common_voice_pt_20204958.wav,184364,um grupo de violinistas tocando na frente de microfones
common_voice_pt_20218288.wav,165164,uma banda de quatro jogadores toca no palco
common_voice_pt_20218290.wav,199724,um pescador senta se em seu barco reparando sua rede
common_voice_pt_20218291.wav,138284,eu prefiro pizza com massa fina
common_voice_pt_20218292.wav,202028,não acredito então que ele morra por fraqueza
common_voice_pt_20218293.wav,163628,o nome dado em espanha e portugal
common_voice_pt_20218294.wav,153644,dois jovens praticam kickboxing
common_voice_pt_20218295.wav,132908,um processo de registro é necessário
common_voice_pt_20218297.wav,126764,ele decidiu passar a noite lá
common_voice_pt_20218299.wav,159788,duas pessoas estão remando uma canoa pela água
common_voice_pt_20218300.wav,184364,a menina em um vestido de flor está falando com as senhoras na rua
common_voice_pt_20218301.wav,163628,um macho pintando uma cena na frente dele
common_voice_pt_20218302.wav,111404,quais são os tempos do filme
common_voice_pt_20218303.wav,213548,a canoa de bétula deslizou sobre as tábuas lisas
common_voice_pt_20218304.wav,188204,dois meninos e uma menina vestida com roupas tradicionais
common_voice_pt_20218305.wav,222764,um homem atravessa um pedaço de madeira para consertar uma cerca
common_voice_pt_20218306.wav,198188,ele queria esquecer a visão e retornar à sua meditação
common_voice_pt_20218307.wav,157484,ontem pedi ao meu médico uma nova receita
common_voice_pt_20218309.wav,244268,um homem está fazendo um salto na prancha perto de outras pessoas na água
common_voice_pt_20218311.wav,180524,jovem em uma sala de aula criando arte
common_voice_pt_20218313.wav,102188,escolha do zero
common_voice_pt_20218316.wav,144428,banda fazendo um concerto para as pessoas
common_voice_pt_20218317.wav,215084,mas também foi muito limitado especialmente quando se trata de codificação
common_voice_pt_20218319.wav,205868,chuva no final de setembro em outubro de plantio de cogumelos
common_voice_pt_20218320.wav,186668,algumas crianças brincando em um buraco cheio de bolas coloridas
common_voice_pt_20218321.wav,155948,porque ele estava com medo o menino não respondeu
common_voice_pt_20218322.wav,153644,um grupo de pessoas protestando em uma cidade
common_voice_pt_20218324.wav,103724,então ele se levantou
common_voice_pt_20218325.wav,96044,eu te imploro
common_voice_pt_20218326.wav,161324,um homem de camisa azul andando de moto no japão
common_voice_pt_20218327.wav,113708,eu quero olhar para a minha flor
common_voice_pt_20218333.wav,157484,yan shuilong nasceu em tainan
common_voice_pt_20218336.wav,98348,por bem ou por mal
common_voice_pt_20218337.wav,230444,muitas pessoas tirando fotos das montanhas na frente de um sinal de nenhum caminhão
common_voice_pt_20218338.wav,149804,um empregado limpa mesas em um restaurante
common_voice_pt_20218341.wav,180524,eu prefiro andar de táxi em vez de treinar para ir ao aeroporto
common_voice_pt_20218343.wav,192044,um homem em um casaco verde e preto está encostado na lata de lixo
common_voice_pt_20218346.wav,205868,um rapazinho tem a mão na parte de trás das calças enquanto anda
common_voice_pt_20219685.wav,99884,eu vou sair com ela em tom
common_voice_pt_20219686.wav,113708,vale a pena pelo menos tentar minimizar o delta
common_voice_pt_20219687.wav,141356,uma multidão de pessoas senta em uma praça pública
common_voice_pt_20219688.wav,191276,dois homens e uma mulher estão vestindo trajes tradicionais enquanto dançam em um festival
common_voice_pt_20219689.wav,82220,que clima maravilhoso
common_voice_pt_20219700.wav,134444,qualquer um que passasse pela ponte teria que pagar
common_voice_pt_20219702.wav,97580,um homem e uma mulher prestes a comer
common_voice_pt_20219703.wav,154412,um palhaço de rodeio está caindo quando um touro está perto de chutá lo
common_voice_pt_20219704.wav,134444,um homem vestindo uma camiseta branca tem a boca bem aberta
common_voice_pt_20219726.wav,95276,onde a areia era mais substancial
common_voice_pt_20219727.wav,138284,um cão marrom que está em uma praia ao lado de um frisbee azul
common_voice_pt_20219728.wav,145196,recém casados estão se beijando na recepção no dia do casamento
common_voice_pt_20219749.wav,74540,deixe me ter a mesa
common_voice_pt_20219751.wav,132140,uma pessoa está andando por uma vitrine com um vestido vermelho
common_voice_pt_20219752.wav,122156,um cachorro pula no ar ao lado de um homem na praia
common_voice_pt_20219753.wav,150572,as pessoas estão se deslocando em torno de um cruzamento movimentado da cidade
common_voice_pt_20219754.wav,166700,a mussarela é um queijo cremoso que combina bem com tomate e manjericão
common_voice_pt_20219760.wav,146732,o sistema para determinar o preço do contrato é o dos preços unitários
common_voice_pt_20219761.wav,92204,existem estrelas brilhantes no céu
common_voice_pt_20219762.wav,121388,um grande grupo de pessoas debaixo de uma grande tenda vermelha
common_voice_pt_20219763.wav,131372,o mel tem um aroma picante de tomilho e erva doce
common_voice_pt_20219764.wav,102956,eu tenho que trabalhar neste sábado
common_voice_pt_20219780.wav,83756,pagamento de horas extras
common_voice_pt_20219781.wav,99116,a perdiz cansada é mais delicada
common_voice_pt_20219782.wav,117548,grupo de pessoas pegar algo que está pegando fogo
