,wav_filename,wav_filesize,transcript
2183,common_voice_pt_19422254.wav,106028,gosto de tomar suco de limão
4327,common_voice_pt_19586433.wav,102188,homem surfando em uma onda no oceano
837,common_voice_pt_19317934.wav,132908,meu laptop quebrou quando eu deixei cair
763,common_voice_pt_19317580.wav,86828,não tente se mover
3510,common_voice_pt_19441123.wav,130604,um sono curto tomado no meio do dia
151,common_voice_pt_19278473.wav,63788,sem escolha
3638,common_voice_pt_19441416.wav,109868,eu pensei que era uma grande chuva
4179,common_voice_pt_19573438.wav,113708,quem não se permite outros não
3255,common_voice_pt_19435502.wav,107564,uma flor um resultado
3117,common_voice_pt_19435258.wav,73004,eu sinto muito
1668,common_voice_pt_19415998.wav,126764,dois colegas estão batendo molho de soja
1287,common_voice_pt_19410225.wav,138284,a atração é usada para pegar truta e linguado
372,common_voice_pt_19290551.wav,65324,todos se lembram
1194,common_voice_pt_19409896.wav,76844,oh que pena
2232,common_voice_pt_19422633.wav,82988,salve ele dessa vez
99,common_voice_pt_19278193.wav,65324,eu queria subir
3492,common_voice_pt_19441065.wav,117548,um homem tocando um violino elétrico
3611,common_voice_pt_19441376.wav,186668,controle e arquive a documentação gerenciada pelos coordenadores de segurança
4097,common_voice_pt_19564569.wav,186668,um homem fala em seu celular enquanto se debruça sobre alguns documentos
802,common_voice_pt_19317746.wav,165164,as paredes da loja estavam forradas com vestidos coloridos
94,common_voice_pt_19278183.wav,144428,quais são os filmes animados que estão tocando nas proximidades
3984,common_voice_pt_19512560.wav,140588,ventos do norte trazem resfriados e febres
3904,common_voice_pt_19485023.wav,153644,duas galinhas brilhantemente coloridas estão fora de um bar
2593,common_voice_pt_19493467.wav,106028,quero dar uma bebida à minha flor
2788,common_voice_pt_19432861.wav,96044,maravilhoso
3262,common_voice_pt_19435512.wav,167468,no máximo eles pensaram que outro meteorito havia descido
381,common_voice_pt_19290576.wav,134444,isso sempre ajuda a aprender algo novo e excitante
4502,common_voice_pt_19783543.wav,175148,um homem gordo em uma camisa roxa comendo uma batata frita
4113,common_voice_pt_19564639.wav,180524,um homem está colocando massa de biscoito em folhas de cookie para assar
4468,common_voice_pt_19755445.wav,182828,menina na área rural carregando sacos e bichos de pelúcia
591,common_voice_pt_19302099.wav,121388,a perda de uma pessoa é o lucro de outra pessoa
3310,common_voice_pt_19435578.wav,106028,uma garota salta
3564,common_voice_pt_19441251.wav,106028,eles montaram seus cavalos
213,common_voice_pt_19284211.wav,172844,um enorme buraco havia sido feito pelo impacto do projétil
2845,common_voice_pt_19432977.wav,138284,o menino não sabia qual era o destino de uma pessoa
3332,common_voice_pt_19435708.wav,165164,ela é uma vizinhança e às vezes nos encontramos no elevador
2993,common_voice_pt_19433419.wav,202028,as mulheres se alinham no estado em vestidos festivos na frente de uma platéia
4512,common_voice_pt_19860740.wav,157484,um menino com uma coroa de ouro e uma túnica branca
2619,common_voice_pt_19498911.wav,92204,ouça os colegas da faculdade
3590,common_voice_pt_19441335.wav,96044,eu não sabia de quem era
433,common_voice_pt_19290813.wav,79148,dobrou nossa circulação
3780,common_voice_pt_19442007.wav,119084,algumas vezes é melhor deixar pra lá
1762,common_voice_pt_19416140.wav,80684,como poderia ser estranho
2267,common_voice_pt_19428216.wav,129068,a guitarra quebrou e ela não podia mais tocar
3488,common_voice_pt_19441054.wav,134444,todo mundo chega ao fim mas o objetivo nem sempre é
1883,common_voice_pt_19416333.wav,90668,mas ele manteve a espada na mão
3605,common_voice_pt_19441367.wav,98348,eu costumava arremessar
4226,common_voice_pt_19581721.wav,153644,duas dançarinas em uniformes combinando dançando
4491,common_voice_pt_19755569.wav,148268,uma criança parece feliz quando recebe um presente
3539,common_voice_pt_19441189.wav,192044,pessoas acenando bandeiras americanas enquanto em roupas de inverno
4290,common_voice_pt_19586249.wav,175148,eu também experimentei uma solução mais sofisticada para este problema
1028,common_voice_pt_19403874.wav,121388,limpe os pés no tapete antes de entrar
1250,common_voice_pt_19410152.wav,129068,ele condenou o comandante à morte sem honra
504,common_voice_pt_19301329.wav,122924,ela vai perder a cabeça quando descobrir
289,common_voice_pt_19284708.wav,163628,para incentivar novos empreendimentos com potencial internacional
3998,common_voice_pt_19530749.wav,167468,eles forneceram avisos sobre ladrões e tribos bárbaras
1921,common_voice_pt_19416389.wav,119084,o plural de rato é congresso nacional
1712,common_voice_pt_19416065.wav,86828,tudo começa com uma coisa
3144,common_voice_pt_19435296.wav,103724,a carta que foi escrita para mim
2249,common_voice_pt_19428188.wav,125228,fins de semana são sempre divertidos
1481,common_voice_pt_19415699.wav,182828,o coração de um homem sempre o ajuda perguntou o menino ao alquimista
2949,common_voice_pt_19433266.wav,121388,lá vai outra moça esfoladora
2942,common_voice_pt_19433237.wav,119084,duas mulheres em patins estão lutando
1927,common_voice_pt_19416397.wav,142124,duas mulheres estão escalando rochas perto do oceano
982,common_voice_pt_19403726.wav,125228,não houve justificativa fornecida
3474,common_voice_pt_19441020.wav,130604,vários corredores competem em uma corrida de estrada
4128,common_voice_pt_19564725.wav,155948,um cachorro preto molhado está andando na areia
3220,common_voice_pt_19435455.wav,140588,as pessoas esperam para embarcar em barcos
1893,common_voice_pt_19416344.wav,175148,dois jovens construtores de boneco de neve se encantam com sua criação
1758,common_voice_pt_19416129.wav,115244,encontramos alegria nas coisas mais simples
2132,common_voice_pt_19422113.wav,125228,depressa ele está um pouco irritado
3127,common_voice_pt_19435274.wav,106028,menos de dez vezes por ano
1590,common_voice_pt_19415869.wav,82988,ele avistou os navios
3054,common_voice_pt_19435080.wav,107564,eu ouvi muito coração
4007,common_voice_pt_19530997.wav,125228,uma garota mostrando uma criação de arte
805,common_voice_pt_19317757.wav,86828,eu não sou muito bom nisso
3500,common_voice_pt_19441094.wav,115244,eu sou apenas uma pessoa comum
55,common_voice_pt_19277225.wav,76844,sua voz é tão feliz
3987,common_voice_pt_19523534.wav,106028,especialista em consultoria
135,common_voice_pt_19278354.wav,94508,o melhor filme de dois mil e dezoito
1353,common_voice_pt_19410345.wav,73004,não diga isso de novo
487,common_voice_pt_19291556.wav,103724,um pontapé na bunda é um passo em frente
2540,common_voice_pt_19458137.wav,140588,e lamento dizer que o congestionamento está aumentando
755,common_voice_pt_19317541.wav,79148,eu não tenho guarda chuva
3552,common_voice_pt_19441221.wav,125228,e então eu vou construir coisas
1111,common_voice_pt_19409728.wav,99884,também esperando pelo carro
279,common_voice_pt_19284374.wav,73004,abra o netflix
2195,common_voice_pt_19422289.wav,92204,o motor do carro se apoderou
415,common_voice_pt_19290696.wav,92204,a exibição estava abaixo do esperado
602,common_voice_pt_19302203.wav,106028,coloque sua confiança em deus
2624,common_voice_pt_19498974.wav,48428,isso é bom
4276,common_voice_pt_19586206.wav,152108,sabedoria é conhecimento usado para o bem
4280,common_voice_pt_19586215.wav,213548,como aproximação usamos uma distribuição gaussiana multivariada
563,common_voice_pt_19301800.wav,99884,celebrações ecoaram pela terra
2406,common_voice_pt_19450546.wav,144428,eles me foram presenteados por um rei disse o garoto
287,common_voice_pt_19284390.wav,57644,como eu sei
2780,common_voice_pt_19432821.wav,134444,este cavalheiro está falando ao telefone
201,common_voice_pt_19284176.wav,113708,cadeiras de garçom são usadas para cair
2503,common_voice_pt_19457552.wav,88364,lucy é uma jornalista
974,common_voice_pt_19403698.wav,59948,ajude me
4098,common_voice_pt_19564580.wav,152108,a enfermeira não está disposta a dar lhe o remédio
4207,common_voice_pt_19577966.wav,132908,um homem pula no ar no meio de uma estrada
2095,common_voice_pt_19422058.wav,129068,dois cães bege estão brincando na neve
111,common_voice_pt_19278243.wav,96044,remou até chegar na outra margem
3119,common_voice_pt_19435261.wav,102188,como ele poderia ser falso
410,common_voice_pt_19290684.wav,88364,quais são as novidades para hoje
4306,common_voice_pt_19586378.wav,171308,uma criança pequena tem sua cabeça através de uma pintura de uma planta
4013,common_voice_pt_19531594.wav,90668,uma nova era se inicia
2340,common_voice_pt_19428328.wav,145964,o amor é como fogo é maior fuma mais
711,common_voice_pt_19308551.wav,198188,e agora eram apenas quatro dias antes que ele voltasse àquela mesma aldeia
2604,common_voice_pt_19493650.wav,73004,um homem de um livro
282,common_voice_pt_19284379.wav,106028,os habitantes da cidade eram unidos
820,common_voice_pt_19317843.wav,190508,antes de começarmos com o verdadeiro batismo vamos renovar nosso credo
1370,common_voice_pt_19410377.wav,69164,compressão de dados
3894,common_voice_pt_19484920.wav,182828,homem vestindo camisa branca faz uma demonstração de yoyo
3872,common_voice_pt_19473448.wav,107564,campeonatos mundiais de futebol
1323,common_voice_pt_19410288.wav,102188,lembre se sempre da verdade em apuros
2308,common_voice_pt_19428277.wav,130604,pode passear enquanto eu estiver trabalhando
4342,common_voice_pt_19738722.wav,122924,um cachorro em um carro
3504,common_voice_pt_19441104.wav,96044,é a vida de uma pessoa
4518,common_voice_pt_19860843.wav,203564,um homem está vestindo um avental em pé na cozinha segurando um prato
1816,common_voice_pt_19416209.wav,117548,uma mulher segura duas caricaturas de si mesma
2533,common_voice_pt_19457838.wav,119084,toque travis scott sicko mode
3740,common_voice_pt_19441901.wav,119084,por que temos uma cauda por natureza
3362,common_voice_pt_19435800.wav,94508,qual é a massa do sol
4015,common_voice_pt_19532432.wav,153644,as enormes muralhas da cidade deram o nome à época da parede
1359,common_voice_pt_19410355.wav,57644,homem jovem
3843,common_voice_pt_19455483.wav,140588,a vida é como um flash ambos passam rapidamente
3978,common_voice_pt_19512471.wav,96044,as explicações não eram boas
1025,common_voice_pt_19403868.wav,117548,avaliar tudo o que resta a cinco
3736,common_voice_pt_19441897.wav,122924,mas agora estou triste e sozinho
4299,common_voice_pt_19586360.wav,155948,povos africanos no desgaste tribal em um deserto
879,common_voice_pt_19327875.wav,113708,quando me chamaram eu vim
3809,common_voice_pt_19442097.wav,98348,então é melhor ouvir o que tem a dizer
809,common_voice_pt_19317762.wav,149804,um caminhão de reboque veio para limpar os destroços
4243,common_voice_pt_19581771.wav,134444,quando não há campos não há para os santos
1478,common_voice_pt_19415692.wav,121388,bob levantou o pergaminho empoeirado
1469,common_voice_pt_19415676.wav,82988,olhos muito suaves
9,common_voice_pt_19277067.wav,184364,o termo apenas meus dois centavos é sobre a opinião não sobre dinheiro
699,common_voice_pt_19308013.wav,172844,eu quero voltar ao guanghua mall às cinco horas
734,common_voice_pt_19314593.wav,99884,foi imediatamente aparente
1540,common_voice_pt_19415797.wav,109868,e então ele percebeu isso muito lentamente
4195,common_voice_pt_19573481.wav,180524,um garoto com uma roupa roxa está na posição da ponte
4232,common_voice_pt_19581736.wav,129068,pegue um pouco de água rapidamente
2563,common_voice_pt_19459231.wav,152108,as maçãs vendidas lá são realmente deliciosas
2649,common_voice_pt_19521993.wav,144428,a lista era assustadoramente extensa
3676,common_voice_pt_19441734.wav,98348,o que mais poderia ser
2570,common_voice_pt_19469189.wav,152108,cão preto e branco que prende um basebol na boca
3486,common_voice_pt_19441045.wav,69164,onde é isso
73,common_voice_pt_19277276.wav,109868,agradeceram a fartura daquela noite
1311,common_voice_pt_19410265.wav,76844,como está o tempo
3700,common_voice_pt_19441797.wav,215084,a penúltima caixa de sapatos continha algo muito mais interessante dinheiro
3133,common_voice_pt_19435281.wav,132908,salmão peixe salmão ovo de peixe
4459,common_voice_pt_19755418.wav,184364,várias crianças praticando artes marciais com espadas de madeira
1126,common_voice_pt_19409758.wav,122924,se o feijão estivesse mais barato eu comprava
3604,common_voice_pt_19441365.wav,122924,se isso salvaria a vida de uma mulher
524,common_voice_pt_19301452.wav,80684,todo mundo está morrendo
479,common_voice_pt_19291372.wav,119084,eu fui a sua casa uma centena de vezes
2207,common_voice_pt_19422314.wav,155948,deus dá alfarrobas àqueles que não podem enferrujá los
726,common_voice_pt_19314565.wav,182828,agora suba as escadas e veja o que a pequena christina quer
2430,common_voice_pt_19450620.wav,194348,se meu padrasto vendesse essa escultura antiga provavelmente se tornaria milionário
2841,common_voice_pt_19432972.wav,126764,ele caminhou lentamente pelo mercado
3944,common_voice_pt_19503700.wav,148268,um violoncelista toca seu instrumento à mão
1807,common_voice_pt_19416198.wav,145964,ele não tinha um centavo no bolso mas ele tinha fé
2871,common_voice_pt_19433017.wav,159788,um homem com uma jaqueta amarela brilhante está usando um capacete
1485,common_voice_pt_19415707.wav,109868,o menino passou uma noite sem dormir
2583,common_voice_pt_19493350.wav,186668,muitas pessoas em berkshire surrey e middlesex devem ter visto isso
1375,common_voice_pt_19410389.wav,109868,mantenha me aqui até eu superar isso
4162,common_voice_pt_19570496.wav,117548,homem novo que escala sobre um corrimão
1881,common_voice_pt_19416331.wav,98348,roubando peter para pagar paul
2478,common_voice_pt_19450838.wav,159788,em portugal são cada vez mais as pessoas a viverem
2853,common_voice_pt_19432986.wav,165164,talvez ela tenha esquecido tudo sobre isso
3064,common_voice_pt_19435104.wav,180524,se for esse o caso tanto pode odiar que sua amizade não respeita
3465,common_voice_pt_19440998.wav,175148,um grupo de pessoas fantasiadas fica em volta de uma fogueira à noite
32,common_voice_pt_19277148.wav,63788,no mercado
1841,common_voice_pt_19416245.wav,165164,a chuva se moverá para a direção noroeste na parte da tarde
3612,common_voice_pt_19441377.wav,117548,peixe grande come peixe pequeno
2359,common_voice_pt_19428368.wav,152108,as pessoas também estavam orando ao céu por proteção
3005,common_voice_pt_19434900.wav,182828,uma garota saltando para o ar em frente à casa branca
2169,common_voice_pt_19422230.wav,96044,qual é o preço dessa hora
2623,common_voice_pt_19498938.wav,94508,m avaliado para maduro
2239,common_voice_pt_19428176.wav,188204,esse foi o meu destino não seu respondeu o alquimista
4228,common_voice_pt_19581726.wav,176684,mulheres com uma camisa amarela falando com um homem mais velho
913,common_voice_pt_19403495.wav,122924,ele pagou pela garantia extendida
1173,common_voice_pt_19409862.wav,165164,um jovem dá a outro jovem um conselho sobre sexo e namoro
405,common_voice_pt_19290646.wav,153644,a mesa e as duas cadeiras estavam pintadas de bege
4178,common_voice_pt_19573437.wav,136748,homem com cabelo maluco está sorrindo
3044,common_voice_pt_19435050.wav,194348,completar objetivos desbloqueará novas skins e habilidades
3782,common_voice_pt_19442009.wav,94508,um menino limpa as bolhas do rosto
3214,common_voice_pt_19435445.wav,169004,então ele não poderia ser apressado nem impaciente
403,common_voice_pt_19290643.wav,171308,ao enumerar as pessoas com quem ela queria conversar com ela se acalmou
1710,common_voice_pt_19416063.wav,94508,quando o namorado se torna marido
349,common_voice_pt_19284915.wav,59948,sai de lá
554,common_voice_pt_19301693.wav,94508,eu tenho que começar minha entrevista
923,common_voice_pt_19403515.wav,126764,o custo do investimento não pode ser recuperado
4057,common_voice_pt_19564252.wav,140588,um trabalhador que limpa um local de demolição
2216,common_voice_pt_19422350.wav,153644,não espere até que o jogo seja chamado por causa da escuridão
4262,common_voice_pt_19586138.wav,142124,um homem cai na bola durante um jogo de rúgbi
2859,common_voice_pt_19432996.wav,96044,tirando fotos
4177,common_voice_pt_19573436.wav,84524,foi inútil
3108,common_voice_pt_19435224.wav,175148,ao seu lado estava o jovem árabe com quem o garoto conversara antes
3731,common_voice_pt_19441876.wav,75308,onde maria foi
3374,common_voice_pt_19435846.wav,111404,aumente o volume do sistema
2432,common_voice_pt_19450625.wav,96044,posso pegar minha mochila emprestada
2069,common_voice_pt_19416673.wav,192044,por que os tiros pararam depois do décimo que ninguém na terra tentou explicar
4456,common_voice_pt_19755415.wav,69164,tudo acabou
1771,common_voice_pt_19416149.wav,155948,um homem na esquina da rua está dando indicações para alguém
3797,common_voice_pt_19442055.wav,111404,podemos planejar fazer isso na terça
402,common_voice_pt_19290635.wav,92204,design colocado ao redor
3932,common_voice_pt_19498341.wav,180524,de acordo com o dicionário a palavra gizmo significa o mesmo que gadget
1507,common_voice_pt_19415742.wav,134444,o pote com a balsa foi um giro inteligente
632,common_voice_pt_19307722.wav,122924,tia tiffany e caixa de banco na janela
838,common_voice_pt_19317937.wav,103724,virou a noite estudando para a prova
1674,common_voice_pt_19416010.wav,161324,qual é o trabalho da abelha na colméia especialmente durante o inverno
3058,common_voice_pt_19435084.wav,96044,decidiu começar a ler
1145,common_voice_pt_19409794.wav,211244,quando eu tiver lido um milhão dessas sentenças vou me candidatar como narrador profissional
4045,common_voice_pt_19561321.wav,165164,um homem que trabalha em algo sozinho em um ambiente industrial
3466,common_voice_pt_19440999.wav,172844,dois escorpiões estavam ameaçando um ao outro com suas picadas
3635,common_voice_pt_19441412.wav,111404,viva com a tia que abriu a loja
2980,common_voice_pt_19433373.wav,121388,computador
226,common_voice_pt_19284239.wav,102188,isso já faz parte do cotidiano
906,common_voice_pt_19403479.wav,65324,pula essa
2659,common_voice_pt_19528900.wav,92204,tratamento de aúdio
2393,common_voice_pt_19439369.wav,79148,uma jovem correu
514,common_voice_pt_19301391.wav,99884,a necessidade estava clara
530,common_voice_pt_19301493.wav,69164,terra assada
2508,common_voice_pt_19457591.wav,94508,o nome do filme é titanic
1713,common_voice_pt_19416067.wav,113708,o homem preferia manjericão com salsa
3274,common_voice_pt_19435525.wav,109868,reproduzir música número sete
4505,common_voice_pt_19783549.wav,159788,uma criança está dormindo do lado de fora da área de dormir
753,common_voice_pt_19317527.wav,90668,apresse se e tire o
3210,common_voice_pt_19435434.wav,86828,o que estou fazendo
3939,common_voice_pt_19501396.wav,115244,qual é a sua conta do github
745,common_voice_pt_19314616.wav,140588,o filme foi muito bom ele disse a um amigo
513,common_voice_pt_19301366.wav,142124,mas um deles agarrou o menino e puxou o para fora do buraco
2804,common_voice_pt_19432902.wav,157484,uma criança anda de bicicleta por um caminho pavimentado
4172,common_voice_pt_19573403.wav,142124,um casal vestido com fantasias estranhas
3535,common_voice_pt_19441179.wav,161324,haverá uma nevasca em pomona novo méxico
4309,common_voice_pt_19586387.wav,115244,cão preto que escava na neve branca
1215,common_voice_pt_19409930.wav,94508,o pastor jurou que ele faria
2161,common_voice_pt_19422207.wav,98348,aprenda mais sobre isso aqui
3110,common_voice_pt_19435246.wav,172844,kelly estava interessada em esclarecer a morte de seu irmão
2062,common_voice_pt_19416661.wav,126764,não há nada na cabeça substituindo o quinto
684,common_voice_pt_19307944.wav,155948,os documentos comprovativos devem ser revistos e mantidos
2499,common_voice_pt_19457534.wav,136748,quando vou no mercado sempre compro leite
95,common_voice_pt_19278184.wav,84524,inspirado pela letra
50,common_voice_pt_19277206.wav,121388,ele estava vestido apenas de pijama
2717,common_voice_pt_19588747.wav,121388,o trem está descendo a pista
3111,common_voice_pt_19435251.wav,167468,eu gostaria de adicionar o álbum à playlist tropical morning
2311,common_voice_pt_19428284.wav,209708,camelos são traidores eles andam milhares de passos e nunca parecem se cansar
2916,common_voice_pt_19433141.wav,106028,um garotinho brincando com seus brinquedos
3518,common_voice_pt_19441141.wav,138284,ele foi eleito pelos membros em novembro
4042,common_voice_pt_19561298.wav,194348,homem com o pico das viúvas que alcanga acima da face da rocha
1257,common_voice_pt_19410162.wav,119084,katie gritou que eles iam perder
2475,common_voice_pt_19450826.wav,130604,foi um caça a jato voando entre os prédios
2965,common_voice_pt_19433351.wav,145964,o mineiro abandonou tudo para minerar esmeraldas
578,common_voice_pt_19302003.wav,69164,então apenas tente
3728,common_voice_pt_19441872.wav,145964,ansioso para o nascimento da primeira neta pequena
2574,common_voice_pt_19469199.wav,106028,quanto mais temos mais queremos
2684,common_voice_pt_19529029.wav,115244,isso não é uma boa alternativa
2685,common_voice_pt_19529030.wav,211244,eu estava em perseguição da scooter quando pedalei pela avenida
2348,common_voice_pt_19428343.wav,80684,não precisa chorar
4310,common_voice_pt_19586388.wav,153644,um casal de pé no escuro perto de algumas luzes festivas
673,common_voice_pt_19307865.wav,111404,não há mais bilhetes para a esquerda
76,common_voice_pt_19277281.wav,63788,como ela era
2644,common_voice_pt_19521973.wav,225068,escolas reais escolas secundárias dando uma educação prática geral
478,common_voice_pt_19291368.wav,90668,minha mãe me levou para ver um médico
1297,common_voice_pt_19410240.wav,122924,poderia estar a caminho do velho doc brown
2586,common_voice_pt_19493394.wav,213548,por favor adicione george nooks à minha lista de reprodução electronow
1598,common_voice_pt_19415880.wav,106028,o computador não vai superaquecer
1181,common_voice_pt_19409876.wav,126764,o garoto se sentiu mal e terrivelmente sozinho
1371,common_voice_pt_19410378.wav,109868,ele me disse que eu deveria tentar fazer isso
733,common_voice_pt_19314592.wav,192044,na época de seu prédio as paredes eram consideradas impenetráveis
4244,common_voice_pt_19581772.wav,153644,para aquela fileira muito fina o fio está quebrado
2992,common_voice_pt_19433418.wav,99884,está lá em cima
3913,common_voice_pt_19485144.wav,142124,um equestre conduz seu cavalo sobre um portão
1747,common_voice_pt_19416116.wav,98348,eu vou embora ele disse
1873,common_voice_pt_19416317.wav,82988,eu por acaso estava passando
880,common_voice_pt_19327876.wav,86828,o cheiro é estranho
237,common_voice_pt_19284270.wav,94508,meu calendário está cheio
2941,common_voice_pt_19433236.wav,130604,há uma carne na mesa que é muito deliciosa
4463,common_voice_pt_19755424.wav,130604,não faça um projeto do governo fora disso
545,common_voice_pt_19301621.wav,102188,eu não posso ajudar minha amada neta
4314,common_voice_pt_19586405.wav,155948,um homem muito feliz em uma camisa colorida está dançando
2070,common_voice_pt_19416676.wav,152108,uma criança coloca metade em um colchão e metade no chão
257,common_voice_pt_19284309.wav,92204,esta bobina mortal
914,common_voice_pt_19403496.wav,138284,a menina está pescando pelo lago calmo
1339,common_voice_pt_19410325.wav,99884,eu tirei toda a faculdade da cama
3544,common_voice_pt_19441198.wav,106028,isso me deu arrepios
1799,common_voice_pt_19416185.wav,117548,seu marido se casou com ela como esposa
584,common_voice_pt_19302053.wav,73004,empresa de catering
1255,common_voice_pt_19410160.wav,80684,abra o firefox
1394,common_voice_pt_19415528.wav,106028,vasos vazios fazem mais barulho
1361,common_voice_pt_19410357.wav,69164,quem é bill gates
3961,common_voice_pt_19505341.wav,125228,deixe se sair do problema primeiro
4509,common_voice_pt_19813861.wav,126764,garantias de qualquer natureza
1429,common_voice_pt_19415600.wav,106028,há um caminho para o castelo
3462,common_voice_pt_19440990.wav,121388,muitas pessoas estão curtindo um show
1391,common_voice_pt_19415524.wav,125228,ninguém disse uma palavra enquanto o velho continuava
3867,common_voice_pt_19455750.wav,111404,o corpo todo está suado no carro
101,common_voice_pt_19278196.wav,122924,meu irmão elijah caiu da sua bicicleta
574,common_voice_pt_19301961.wav,152108,por parte dos estados unidos e por parte da união soviética
437,common_voice_pt_19290841.wav,92204,como um velho cavalo de fogo
3039,common_voice_pt_19435035.wav,240428,contrata dois personal trainers e faz um deles treinar o outro
1500,common_voice_pt_19415727.wav,161324,os homens espertos podiam ser ignorados
3745,common_voice_pt_19441912.wav,180524,um homem com uma lata passa por uma pintura de uma cena de construção
3988,common_voice_pt_19524857.wav,111404,apenas em nossa loja no andar de cima
1346,common_voice_pt_19410337.wav,138284,as crianças raramente desfrutam de uma riqueza abundante
2158,common_voice_pt_19422204.wav,115244,nenhum cimento vai segurar madeira dura
202,common_voice_pt_19284181.wav,144428,duas crianças estão escalando uma parede de pedra
2881,common_voice_pt_19433030.wav,122924,e o falcão nutre então o homem
2840,common_voice_pt_19432971.wav,106028,qual é a previsão do tempo para amanhã
2252,common_voice_pt_19428192.wav,86828,roxo e violeta
3516,common_voice_pt_19441134.wav,111404,eu prometo terei cuidado
2690,common_voice_pt_19529041.wav,130604,melhor salvar antes de continuar
3517,common_voice_pt_19441135.wav,94508,ela não tinha temperatura
148,common_voice_pt_19278462.wav,96044,quantas visualizações tem esse clip
2315,common_voice_pt_19428289.wav,76844,ele tinha fé
1217,common_voice_pt_19409938.wav,125228,cada sentença não deveria estar nem por uma palavra
3088,common_voice_pt_19435162.wav,157484,mas em vez de ficar entristecido ele ficou feliz
2709,common_voice_pt_19536845.wav,136748,um grupo de pessoas atravessa um carnaval
1981,common_voice_pt_19416482.wav,126764,dez minutos atrás eu tinha um emprego
4212,common_voice_pt_19577997.wav,171308,um homem que executa um reparo da bicicleta no lado da estrada
3673,common_voice_pt_19441731.wav,148268,pessoa chinesa andando e carregando uma cesta de flores
1615,common_voice_pt_19415906.wav,142124,somente o mudo está sempre satisfeito consigo mesmo
2076,common_voice_pt_19416685.wav,113708,ele não queria nenhuma conversa neste momento
1790,common_voice_pt_19416172.wav,130604,um homem está soprando em um tubo longo
3838,common_voice_pt_19442266.wav,209708,a mineração de bitcoin pode ser feita com placas gráficas ou com hardware especializado
1210,common_voice_pt_19409922.wav,80684,não precisa repetir
1906,common_voice_pt_19416366.wav,122924,um menino brincando com um avião em um campo
1450,common_voice_pt_19415629.wav,199724,muitos deles estavam certos sobre o que disseram enquanto alguns estavam errados
1462,common_voice_pt_19415663.wav,82988,abra o spotify
422,common_voice_pt_19290732.wav,75308,a ideia o assustou
2241,common_voice_pt_19428179.wav,192044,houve um acidente no trabalho um estouro de camelo quase matou o zelador
3631,common_voice_pt_19441401.wav,98348,quanto é sete mais cinco
147,common_voice_pt_19278457.wav,99884,este é um médico muito poderoso
394,common_voice_pt_19290607.wav,52268,desligar
333,common_voice_pt_19284842.wav,153644,um homem vestindo uma jaqueta preta olhando para baixo
3511,common_voice_pt_19441124.wav,130604,a boa filha cresce costurada nas saias da mãe
4494,common_voice_pt_19755621.wav,195884,uma esquina movimentada com muitas pessoas e um homem raspando a cabeça
3167,common_voice_pt_19435340.wav,145964,originalmente eu queria contar ao presidente
268,common_voice_pt_19284338.wav,96044,marte é quase inabitável
3081,common_voice_pt_19435149.wav,140588,poderia ter sido aço prata ou platina
4112,common_voice_pt_19564635.wav,136748,pessoas borradas andando na cidade à noite
3479,common_voice_pt_19441029.wav,178988,a espanha está produzindo lotes de alface páprica e tomates
6,common_voice_pt_19277051.wav,134444,o facebook tem muitos problemas de privacidade
3885,common_voice_pt_19482027.wav,107564,a cidade ainda estava dormindo
158,common_voice_pt_19278551.wav,88364,eu trabalho na construção civil
1047,common_voice_pt_19403902.wav,57644,não
2392,common_voice_pt_19439368.wav,119084,alice viu seu tio do outro lado da rua
3186,common_voice_pt_19435367.wav,132908,em um ouvido e fora do outro
526,common_voice_pt_19301476.wav,236588,uma criança vestindo uma jaqueta vermelha detém uma borboleta no dedo enlameado
1741,common_voice_pt_19416109.wav,145964,uma mulher está de pé em um grande buraco de drenagem
3841,common_voice_pt_19455481.wav,111404,fogão é mais quente do que eu pensava
4511,common_voice_pt_19813874.wav,149804,um jovem temerário se divertindo em sua moto
2153,common_voice_pt_19422172.wav,167468,adicione o artista à lista de reprodução de piano tranquila
31,common_voice_pt_19277147.wav,75308,eu gosto dessa piada
2666,common_voice_pt_19528956.wav,175148,mas eu estou indo em busca do meu tesouro o menino disse
1461,common_voice_pt_19415662.wav,145964,uma garota está brincando na lama perto de um carro
27,common_voice_pt_19277132.wav,161324,não tenho informações sobre tropas ou sobre o movimento das tribos
2578,common_voice_pt_19469297.wav,94508,um garotinho cobre os olhos
735,common_voice_pt_19314594.wav,152108,eu tenho o dinheiro que preciso para comprar minhas ovelhas
190,common_voice_pt_19284158.wav,134444,eu acho que eles simplesmente não conseguem evitar
2160,common_voice_pt_19422206.wav,134444,use um lápis para escrever o primeiro rascunho
1277,common_voice_pt_19410210.wav,98348,vanessa não pode desfazer seu erro
963,common_voice_pt_19403672.wav,76844,alternar aba
4173,common_voice_pt_19573413.wav,157484,dois cães estão correndo por um campo cheio de troncos
2189,common_voice_pt_19422274.wav,99884,a caravana se moveu para o leste
687,common_voice_pt_19307954.wav,65324,já encontrado
2807,common_voice_pt_19432917.wav,221228,é sábado está quente e eu realmente quero experimentar o ramen seco
2814,common_voice_pt_19432932.wav,115244,e eu sou o maior do lote
1969,common_voice_pt_19416462.wav,80684,novo laptop agora
2364,common_voice_pt_19428374.wav,144428,eu estava dividido entre medo e curiosidade
4014,common_voice_pt_19531627.wav,129068,então de repente eles se ajoelham e morrem
1049,common_voice_pt_19403906.wav,65324,estou com sede
1491,common_voice_pt_19415716.wav,182828,ele fez tanto ghostwriting que ele começa a se sentir como um fantasma também
4131,common_voice_pt_19564739.wav,182828,trabalhadores de fábrica trabalham com pacotes amarelos
3561,common_voice_pt_19441242.wav,122924,este computador é de última geração
2281,common_voice_pt_19428242.wav,109868,aqui nossos cordeirinhos nascerão
140,common_voice_pt_19278409.wav,79148,bem no segundo andar
2826,common_voice_pt_19432950.wav,171308,minha sombra está por toda parte
2456,common_voice_pt_19450756.wav,80684,quem é esse homem
2358,common_voice_pt_19428367.wav,165164,a mesma mão que brandira a espada agora continha um chicote
4063,common_voice_pt_19564284.wav,69164,bom dia
3308,common_voice_pt_19435574.wav,132908,eu era o único paciente na sala de espera
3431,common_voice_pt_19436024.wav,202028,o café fresco é muito melhor do que o material liofilizado
3334,common_voice_pt_19435710.wav,92204,o pau brasil quase foi extinto
3430,common_voice_pt_19436022.wav,157484,eu lhe disse que não posso mais usar sua coluna
3232,common_voice_pt_19435476.wav,113708,não sei se precisava disso tudo
303,common_voice_pt_19284750.wav,107564,vá para a estação depois de comprá lo
955,common_voice_pt_19403637.wav,109868,ele também é muito claro sobre si mesmo
2442,common_voice_pt_19450656.wav,111404,essa frase sempre aparece em minha mente
3973,common_voice_pt_19512424.wav,115244,ele está sempre fazendo um discurso
2199,common_voice_pt_19422293.wav,126764,eu não posso te assegurar tais coisas
2274,common_voice_pt_19428234.wav,153644,uma garota em uma roupa preta e branca lança um dardo
2984,common_voice_pt_19433381.wav,84524,o trem parou na estação
2523,common_voice_pt_19457786.wav,121388,nossa religião determina nossas ações
1583,common_voice_pt_19415859.wav,144428,a maior parte da energia será absorvida pela fricção cinética
2543,common_voice_pt_19458191.wav,88364,tudo aconteceu de repente
2128,common_voice_pt_19422109.wav,94508,ativar modo nortuno
807,common_voice_pt_19317760.wav,90668,ela parou por um momento
195,common_voice_pt_19284166.wav,199724,os meninos balançam em um balanço verde fora de uma estrutura de madeira velha
656,common_voice_pt_19307795.wav,113708,duas almas solitárias podem acompanhar
1275,common_voice_pt_19410207.wav,125228,existe apenas um ticket para vendas diretas
3092,common_voice_pt_19435177.wav,182828,e amanhã seu inimigo também seria parte dessa alma
4121,common_voice_pt_19564678.wav,178988,os tops são uma dádiva de deus nos dias quentes de verão
777,common_voice_pt_19317634.wav,117548,dizem que o melhor remédio é o riso
427,common_voice_pt_19290784.wav,99884,eu os perdi na quinta feira passada
3651,common_voice_pt_19441441.wav,129068,muitas dessas pessoas estão sem trabalho
2073,common_voice_pt_19416680.wav,76844,eu disse boa noite
1428,common_voice_pt_19415598.wav,109868,não é não é isso que eu quero dizer
556,common_voice_pt_19301718.wav,98348,vamos contribuir com essa causa
2781,common_voice_pt_19432822.wav,148268,talvez a água estivesse muito quente
1826,common_voice_pt_19416221.wav,115244,encontramos o dispositivo no armário
813,common_voice_pt_19317772.wav,138284,foi atingido por uma crise aguda de nostalgia
3905,common_voice_pt_19485049.wav,159788,sylvester precisava meditar para clarear sua mente
4443,common_voice_pt_19755380.wav,163628,uma senhora está segurando uma tigela e lendo um livro
1204,common_voice_pt_19409912.wav,86828,eu vou levar dez pedaços
1223,common_voice_pt_19409951.wav,67628,o cavalo branco
1264,common_voice_pt_19410180.wav,144428,uma rapariga em um vestido cor de rosa está em um passeio
1282,common_voice_pt_19410217.wav,194348,agora ele estava aqui não com seu rebanho mas com uma pá
3774,common_voice_pt_19441989.wav,130604,trigonometria sempre foi um desafio para ele
1044,common_voice_pt_19403896.wav,138284,um grupo de quatro está tocando instrumentos na rua
2150,common_voice_pt_19422169.wav,145964,eu não assisto conteúdo legendado prefiro dublado
3848,common_voice_pt_19455552.wav,155948,uma noiva e suas damas de honra estão posando para uma foto
2352,common_voice_pt_19428351.wav,171308,quando ele era criança esse homem queria viajar também
1405,common_voice_pt_19415554.wav,125228,eu disse a verdade e o promotor sabe disso
795,common_voice_pt_19317704.wav,84524,vamos resolver o problema
1040,common_voice_pt_19403892.wav,103724,combinei de me encontrar com ela amanhã
3424,common_voice_pt_19435998.wav,129068,quase não havia movimento do poço
263,common_voice_pt_19284326.wav,75308,por favor não me faça
1455,common_voice_pt_19415647.wav,90668,é melhor sair do seu trabalho
1809,common_voice_pt_19416200.wav,176684,finalmente uma jovem se aproximou e não estava vestida de preto
3842,common_voice_pt_19455482.wav,140588,antes dos cinquenta anos antes do derrame
1344,common_voice_pt_19410335.wav,121388,o povo canadense é um pouco humilde demais
1610,common_voice_pt_19415896.wav,167468,seu comportamento é embaraçoso aprenda a arte da relação social
122,common_voice_pt_19278280.wav,61484,qualquer que seja
3217,common_voice_pt_19435449.wav,159788,o menino foi para o seu quarto e empacotou seus pertences
1518,common_voice_pt_19415762.wav,111404,o comerciante olhou ansiosamente para o menino
3421,common_voice_pt_19435992.wav,99884,faça ela me ligar de volta
2066,common_voice_pt_19416668.wav,145964,acho que podemos fazer melhor depois que o barco navegar
4387,common_voice_pt_19738968.wav,198188,nelson mandela foi presidente da áfrica do sul por cinco anos
3619,common_voice_pt_19441384.wav,80684,eu não fiz nada
3487,common_voice_pt_19441052.wav,92204,todos os homens são iguais
3757,common_voice_pt_19441933.wav,109868,a linha era perfeita
1761,common_voice_pt_19416139.wav,155948,durante a melhor parte de sua vida a mesa ficou no porão
1336,common_voice_pt_19410319.wav,175148,milhares de anos atrás esta cidade era o centro de uma antiga civilização
2369,common_voice_pt_19428384.wav,180524,ciganos são especialistas em fazer as pessoas fazerem isso suspirou o velho
1645,common_voice_pt_19415944.wav,107564,joão sousa começou da melhor forma
3892,common_voice_pt_19484810.wav,98348,não há problema em pensar devagar
787,common_voice_pt_19317673.wav,122924,atue nessas ordens com grande velocidade
2187,common_voice_pt_19422269.wav,86828,túnel de tempo paralelo
1293,common_voice_pt_19410232.wav,103724,como era meca para o comerciante
28,common_voice_pt_19277137.wav,126764,eu me pergunto o que molly colocou nesses tacos
319,common_voice_pt_19284790.wav,103724,envie as outras pessoas para dentro
1510,common_voice_pt_19415747.wav,115244,eu queria dormir um pouco mais ele pensou
1059,common_voice_pt_19403931.wav,71468,ele está a caminho
2944,common_voice_pt_19433250.wav,132908,bom vinho é mantido em um barril pequeno
3646,common_voice_pt_19441425.wav,148268,um par de casais japoneses também pegou o carro errado
378,common_voice_pt_19290571.wav,61484,um erro ocorreu
2121,common_voice_pt_19422095.wav,69164,muito nervoso
2275,common_voice_pt_19428235.wav,103724,ele decidiu passar a noite lá
188,common_voice_pt_19284155.wav,79148,eu posso ajudá lo
3627,common_voice_pt_19441395.wav,155948,compilar o kernel do linux pode ser demorado
1786,common_voice_pt_19416168.wav,79148,hoje vai ser um longo dia
92,common_voice_pt_19278180.wav,67628,este é o lugar
2286,common_voice_pt_19428247.wav,73004,qual é o sumário
2868,common_voice_pt_19433013.wav,109868,garantido para dar juros
2661,common_voice_pt_19528919.wav,172844,toby disse ele vai processar sua ex esposa
3149,common_voice_pt_19435304.wav,144428,apesar de enfrentar o futuro que não pode ser dominado
2402,common_voice_pt_19439403.wav,138284,eu ainda acho o artigo desnecessariamente obscuro
1200,common_voice_pt_19409907.wav,102188,fomos com a camila na casa dela
2589,common_voice_pt_19493408.wav,152108,o kite mergulhou e balançou mas ficou no ar
3992,common_voice_pt_19530600.wav,149804,quero comer em algum lugar ventoso no novo méxico
2934,common_voice_pt_19433208.wav,61484,frio
4130,common_voice_pt_19564738.wav,134444,também poderia estar morando na geladeira
2016,common_voice_pt_19416600.wav,92204,mas ela estará lá
1242,common_voice_pt_19410135.wav,82988,nicolas e daniel
2380,common_voice_pt_19439326.wav,175148,foi preciso muito esforço mental para fazer as coisas mais básicas
4334,common_voice_pt_19586452.wav,148268,vamos começar tudo de novo e quanto a isso
1886,common_voice_pt_19416336.wav,90668,será temperado no lugar atual
2309,common_voice_pt_19428278.wav,172844,por favor lembre se da diferença entre a plataforma e o trem
2597,common_voice_pt_19493545.wav,161324,arranjos florais fazem essas tabelas parecerem divinas
4303,common_voice_pt_19586369.wav,98348,uma criança dormindo em paz
1259,common_voice_pt_19410170.wav,142124,estabelecer uma visão de futuro e adaptabilidade
166,common_voice_pt_19278611.wav,61484,windows dez
3415,common_voice_pt_19435969.wav,180524,escolha sua esposa com seus ouvidos não com seus olhos
993,common_voice_pt_19403791.wav,115244,ajudando um criminoso escapado
2296,common_voice_pt_19428262.wav,155948,foram recebidas e atendem a determinadas condições
2447,common_voice_pt_19450689.wav,109868,a escova é morna e perfeita
915,common_voice_pt_19403497.wav,117548,andando sobre a corda bamba outra vez
4452,common_voice_pt_19755399.wav,125228,o nome dado em espanha e portugal
4488,common_voice_pt_19755542.wav,161324,uma tenista está de pé com os pés afastados em uma quadra
3823,common_voice_pt_19442123.wav,76844,é o filho da tia
4000,common_voice_pt_19530781.wav,153644,não temos orçamento para produzir em qualidade de estúdio
443,common_voice_pt_19290868.wav,134444,aquele maldito rato podia sentir minha raiva
2686,common_voice_pt_19529031.wav,80684,grupo de fraude
4256,common_voice_pt_19581811.wav,142124,o cursor piscou com expectativa
3073,common_voice_pt_19435125.wav,125228,heitor era o nome do prefessor
93,common_voice_pt_19278181.wav,115244,eu conto vinte pedaços por dia ok
2310,common_voice_pt_19428281.wav,144428,é um banco de dados online de frases de exemplo
1777,common_voice_pt_19416157.wav,211244,várias pessoas estão reunidas em torno de um monitor em uma sala mal iluminada
1910,common_voice_pt_19416374.wav,86828,ele era um homem rico
625,common_voice_pt_19302973.wav,126764,faça uma busca por artistas nacionais
3351,common_voice_pt_19435763.wav,84524,qual é a previsão para gambier
1261,common_voice_pt_19410173.wav,157484,um homem em calção de banho está de pé contra algumas pedras
3557,common_voice_pt_19441227.wav,165164,é melhor perguntar duas vezes do que ficar sobrecarregado uma vez
2341,common_voice_pt_19428330.wav,65324,nem um pouco
2190,common_voice_pt_19422279.wav,161324,a equipe de resgate na montanha desistiu de seu trabalho
4241,common_voice_pt_19581764.wav,225068,uma mulher está pintando uma cena do grand canyon em seu cavalete portátil
4316,common_voice_pt_19586407.wav,176684,uma escavadeira deixou a pedreira com cascalho grosso em sua pá
134,common_voice_pt_19278338.wav,134444,um cão e uma pessoa fazendo um curso de agilidade
2060,common_voice_pt_19416659.wav,113708,apenas um pouco ocupado recentemente
1017,common_voice_pt_19403852.wav,99884,pequenas gotas secam rapidamente
3870,common_voice_pt_19455776.wav,82988,duzentos ienes
4486,common_voice_pt_19755538.wav,184364,um jogador de beisebol está colocando toda a sua força para jogar uma bola
2263,common_voice_pt_19428209.wav,129068,eles alugaram um barco e desceram o rio
4419,common_voice_pt_19755306.wav,165164,um homem mulher e criança se divertindo em uma praia
2337,common_voice_pt_19428325.wav,228908,laranja precoce rara azeda e mais cara apareceu no mercado desafiador
112,common_voice_pt_19278244.wav,175148,eu aprendi coisas da ovelha e aprendi coisas do cristal ele pensou
1192,common_voice_pt_19409893.wav,125228,água de março feijão para sacos
4498,common_voice_pt_19783529.wav,94508,uma aula cheia de alunos
4246,common_voice_pt_19581779.wav,132908,seus olhos são maiores que sua barriga
3093,common_voice_pt_19435181.wav,80684,para evitar perdas
4436,common_voice_pt_19755349.wav,142124,um mau trabalhador culpa suas ferramentas
933,common_voice_pt_19403544.wav,73004,quem é barack obama
3835,common_voice_pt_19442263.wav,122924,na minha juventude meu pai era um hooligan
2403,common_voice_pt_19450537.wav,152108,eu pensei que esta noite eu teria colocado a srta kelly lá
108,common_voice_pt_19278233.wav,152108,o estranho falava de coisas que muito poucas pessoas sabiam
1732,common_voice_pt_19416095.wav,119084,eles me ligaram do seu prédio e empréstimo
4071,common_voice_pt_19564476.wav,153644,adicionar novas faixas de metal na minha sintonia
1397,common_voice_pt_19415533.wav,86828,esse homem é seu irmão
1815,common_voice_pt_19416208.wav,73004,seu tempo acabou
3778,common_voice_pt_19441995.wav,75308,nada mais
3975,common_voice_pt_19512445.wav,144428,televisor de tela plana com cinquenta por cento de desconto
4117,common_voice_pt_19564658.wav,172844,uma mulher em uma camisa de ciclismo anda de bicicleta
2043,common_voice_pt_19416635.wav,103724,muito assustado em meu coração
1499,common_voice_pt_19415726.wav,69164,pode ganhar mais
4170,common_voice_pt_19573401.wav,130604,um cachorro marrom e branco nadando na água
1550,common_voice_pt_19415812.wav,152108,instalar uma ampla gama de equipamentos e equipamentos
2581,common_voice_pt_19493333.wav,167468,dois jogadores de basquete estão lutando pela bola na quadra
4337,common_voice_pt_19586458.wav,129068,uma águia está chegando para um pouso na praia
2024,common_voice_pt_19416612.wav,155948,retire a sonda até saber exatamente onde o erro está localizado
224,common_voice_pt_19284235.wav,98348,até a felicidade desaparecerá
2162,common_voice_pt_19422210.wav,59948,boa noite
3087,common_voice_pt_19435161.wav,92204,água mineral por favor
2184,common_voice_pt_19422255.wav,69164,o que eu perdi
3957,common_voice_pt_19504925.wav,157484,as pessoas continuavam a ir e vir da loja de padeiros
1555,common_voice_pt_19415819.wav,140588,além disso o eixo de recurso é configurável
344,common_voice_pt_19284903.wav,103724,porque o cristal estava sujo
2706,common_voice_pt_19529083.wav,153644,homem executivo em um terno esperando
2756,common_voice_pt_19798101.wav,163628,liz colocou as flores em um vaso espelhado
462,common_voice_pt_19291096.wav,159788,minha amiga ia se casar e me pediu para ser sua dama de honra
1069,common_voice_pt_19409651.wav,132908,sua conexão com a internet era muito lenta
1769,common_voice_pt_19416147.wav,117548,ele provavelmente está tentando o portão
3165,common_voice_pt_19435338.wav,79148,eu estou no trabalho
1446,common_voice_pt_19415625.wav,88364,graham treinou rigidamente
2019,common_voice_pt_19416606.wav,159788,devemos encontrar outro dataset em vez de usar apenas mnist
251,common_voice_pt_19284292.wav,145964,eles foram para a cozinha na parte de trás do mosteiro
1366,common_voice_pt_19410369.wav,94508,por essa ele não esperava
75,common_voice_pt_19277280.wav,152108,e a camisola se transformara num belo vestido de casamento
3880,common_voice_pt_19474419.wav,121388,esta frase não faz nenhum sentido
2293,common_voice_pt_19428257.wav,159788,sem ofensa mas sua agilidade deixa muito a desejar
2230,common_voice_pt_19422591.wav,195884,também recomendo vincular os atalhos que permitem abrir rapidamente um favorito
3974,common_voice_pt_19512426.wav,88364,eles não aceitariam isso
4391,common_voice_pt_19738976.wav,199724,para comer e arranhar um homem precisa apenas começar
4454,common_voice_pt_19755402.wav,157484,adicione a música à lista de reprodução do metal
3173,common_voice_pt_19435348.wav,207404,todas as informações serão confidenciais a menos que expressamente declarado em contrário
230,common_voice_pt_19284249.wav,90668,mas ele teve que seguir em frente
2223,common_voice_pt_19422407.wav,98348,qual sua música favorita
2320,common_voice_pt_19428297.wav,132908,classifique esta saga em dois de seis
4404,common_voice_pt_19739041.wav,172844,dizem que é útil e é demonstrado todos os dias
1972,common_voice_pt_19416468.wav,90668,vamos procurar por isso agora mesmo
2947,common_voice_pt_19433254.wav,171308,um adolescente está andando de snowboard ao lado de um conjunto de escadas
1508,common_voice_pt_19415743.wav,73004,ativar o som
4041,common_voice_pt_19561284.wav,157484,uma menina espirra na água perto de uma corrediça de água azul grande
390,common_voice_pt_19290598.wav,125228,as crianças participam de um evento esportivo
1095,common_voice_pt_19409696.wav,130604,ele excluiu cinco tabelas do banco de dados
908,common_voice_pt_19403482.wav,96044,sua manipulação falhou
397,common_voice_pt_19290624.wav,175148,uma maçã é dourada de manhã prata do meio dia e chumbo à noite
210,common_voice_pt_19284208.wav,75308,eu não confio nele
1654,common_voice_pt_19415957.wav,132908,ele sempre poderia se tornar um vendedor de cristal novamente
2883,common_voice_pt_19433068.wav,92204,eu te digo que não é bom
3259,common_voice_pt_19435509.wav,136748,ainda assim é mais fácil falar do que escrever
1973,common_voice_pt_19416469.wav,130604,uma multidão de pessoas com um homem tirando uma foto
1720,common_voice_pt_19416076.wav,94508,eu devo tudo a corey brown
1509,common_voice_pt_19415746.wav,184364,a comissária de bordo piscou para o passageiro desagradável sentado ao meu lado
4350,common_voice_pt_19738767.wav,205868,eu esperava que eles voltassem logo mas agora estou realmente começando a me preocupar
3410,common_voice_pt_19435954.wav,132908,o menino subiu a duna lentamente
2097,common_voice_pt_19422060.wav,134444,tel aviv é uma cidade muito gay friendly
746,common_voice_pt_19314618.wav,167468,vamos assistir algum filme do dwayne jonhson o the rock hoje
4040,common_voice_pt_19561263.wav,165164,um grupo de pessoas está reunido em um alpendre branco para uma foto
4519,common_voice_pt_19860853.wav,217388,um homem e uma mulher saltam simultaneamente na água rasa de uma praia
2740,common_voice_pt_19797974.wav,251948,uma pessoa vestida colorida está levantando com um guarda chuva azul e branco
469,common_voice_pt_19291168.wav,92204,compramos uma galinha na feira
3916,common_voice_pt_19486050.wav,153644,moça que abraça seu urso de peluche vermelho
51,common_voice_pt_19277208.wav,126764,uma mulher está bebendo de um canudo verde
1292,common_voice_pt_19410231.wav,76844,apenas me leve pra casa
1387,common_voice_pt_19410419.wav,119084,um homem de camisa azul está andando sobre uma ponte
1606,common_voice_pt_19415889.wav,102188,essa música é minha favorita
575,common_voice_pt_19301963.wav,126764,havia o suficiente para comprar muitas armas
3206,common_voice_pt_19435430.wav,138284,a padaria ficava ao lado do matadouro
653,common_voice_pt_19307785.wav,79148,deixar nostalgia
3429,common_voice_pt_19436020.wav,180524,eu não podia confiar nesta pesquisa como está sendo desatualizado
3402,common_voice_pt_19435923.wav,136748,mesmo se for reeleito são apenas sete anos
296,common_voice_pt_19284736.wav,88364,mas o que eu poderia fazer
5,common_voice_pt_19277050.wav,86828,cerca de um em vinte
3078,common_voice_pt_19435136.wav,86828,não é mentira
867,common_voice_pt_19318344.wav,136748,um homem corre na grama verde com os pés descalços
2698,common_voice_pt_19529056.wav,149804,o chaveiro do coração rosa amor brilhava
2388,common_voice_pt_19439336.wav,209708,a felicidade pode ser suficiente para muitos o suficiente para qualquer um
2014,common_voice_pt_19416596.wav,121388,reproduzir música dos anos noventa
1020,common_voice_pt_19403857.wav,88364,a execução foi cancelada
4359,common_voice_pt_19738801.wav,109868,o ar gelado passou pelo casaco
3779,common_voice_pt_19441996.wav,84524,ele disse alguma coisa
123,common_voice_pt_19278282.wav,155948,o homem senta se entre bicicletas ao ajustar o pneu em um
2330,common_voice_pt_19428310.wav,117548,o garoto virou se para a mão que escreveu tudo
1412,common_voice_pt_19415565.wav,99884,primeira esposa de warren buffett
1684,common_voice_pt_19416024.wav,209708,uma criança que chora tentando andar de skate é auxiliada por um homem adulto
2467,common_voice_pt_19450805.wav,129068,ele me deixou completamente desapontado
3128,common_voice_pt_19435275.wav,142124,o leão e a leoa são animais assustadores
2972,common_voice_pt_19433361.wav,176684,um homem em uma praça olha para uma mulher com uma calça transparente
3705,common_voice_pt_19441807.wav,99884,com a amizade deles
3715,common_voice_pt_19441835.wav,161324,meu hamster transformou meu dever de casa na roupa de cama
881,common_voice_pt_19327881.wav,129068,persuadir um bezerro a beber de um balde
2170,common_voice_pt_19422231.wav,122924,ele empregou a mais astuta das táticas
284,common_voice_pt_19284386.wav,96044,apenas perdendo tempo aqui
2156,common_voice_pt_19422192.wav,107564,o menino acordou quando o sol nasceu
599,common_voice_pt_19302181.wav,96044,quanto custa esse notebook
774,common_voice_pt_19317629.wav,113708,eu vou te mostrar o que estou fazendo
2458,common_voice_pt_19450776.wav,90668,apenas use o telefone
4332,common_voice_pt_19586450.wav,63788,um homem
2103,common_voice_pt_19422067.wav,161324,eu gosto de como o atom me permite instalar novos plugins
4386,common_voice_pt_19738966.wav,186668,dois homens dançam juntos enquanto uma multidão os anima
3427,common_voice_pt_19436004.wav,80684,perdendo tempo
2999,common_voice_pt_19433431.wav,165164,guarda chuvas e lixo sentado em um quarto bagunçado
1576,common_voice_pt_19415851.wav,107564,banco comercial cathay pacific
1144,common_voice_pt_19409793.wav,126764,houve um som de folhas secas do lado de fora
1467,common_voice_pt_19415674.wav,175148,um cão branco com manchas pretas está saltando sobre uma cerca branca
4192,common_voice_pt_19573476.wav,113708,a biblioteca está aberta a todos
2304,common_voice_pt_19428271.wav,99884,isso não é para eu decidir
4144,common_voice_pt_19564773.wav,182828,um rapaz usando sapatos brancos perseguindo várias galinhas
3946,common_voice_pt_19503720.wav,186668,james madison e james monroe foram presidentes do estados unidos
968,common_voice_pt_19403685.wav,153644,várias pessoas estão vestidas com roupas indianas
1290,common_voice_pt_19410229.wav,130604,há uma caravana saindo hoje para al fayoum
583,common_voice_pt_19302013.wav,117548,um conceito assustador ocorreu a jennifer
2894,common_voice_pt_19433086.wav,145964,um cachorro marrom parado no meio de um enorme campo
3722,common_voice_pt_19441861.wav,126764,dois meninos correndo em uma roda de metal gigante
1964,common_voice_pt_19416454.wav,106028,feliz expressão em seu rosto
840,common_voice_pt_19317942.wav,79148,não podemos melhorar
2124,common_voice_pt_19422098.wav,94508,foi uma surpresa para mim
4193,common_voice_pt_19573477.wav,129068,uma criança que faz um castelo da areia na praia
2658,common_voice_pt_19528898.wav,73004,não estava lá
2569,common_voice_pt_19469169.wav,134444,lisa e eu somos bons amigos
3265,common_voice_pt_19435516.wav,178988,um homem sem camisa e um homem em uma colete azul de pesca
3621,common_voice_pt_19441387.wav,102188,queremos alguma ação nessas fotos
973,common_voice_pt_19403692.wav,148268,um jovem rapaz mostra suas pequenas figuras de ação
22,common_voice_pt_19277098.wav,138284,pegue a partida e bata contra o seu sapato
2342,common_voice_pt_19428332.wav,109868,não houve festa na escola este ano
4188,common_voice_pt_19573465.wav,188204,um jovem está tirando uma foto de uma mulher em uma doca
3829,common_voice_pt_19442144.wav,132908,motociclista tocando enquanto dois homens assistem
3567,common_voice_pt_19441255.wav,98348,eu vou pará lo frio
2784,common_voice_pt_19432839.wav,159788,o ladino está comemorando seu triunfo
3237,common_voice_pt_19435481.wav,140588,os requisitos são bastante altos para este trabalho
2413,common_voice_pt_19450562.wav,142124,diga a si mesmo para acreditar em si mesmo
254,common_voice_pt_19284301.wav,86828,ela não respondeu nada
848,common_voice_pt_19318239.wav,271148,ele olhou para a praça vazia novamente sentindo se menos desesperado do que antes
399,common_voice_pt_19290628.wav,71468,o que é comunidade
2955,common_voice_pt_19433299.wav,73004,está chegando
3449,common_voice_pt_19439256.wav,145964,mãe e filho se divertindo comendo à beira do lago
2748,common_voice_pt_19798001.wav,119084,uma criança brincando na neve
2451,common_voice_pt_19450730.wav,102188,a cisterna estava com defeito
2902,common_voice_pt_19433096.wav,130604,não houve resposta dos anciãos
3331,common_voice_pt_19435707.wav,178988,todo mundo na terra tem um tesouro que o aguarda seu coração disse
2463,common_voice_pt_19450788.wav,215084,este post vai te ensinar como configurar o ambiente básico de reconhecimento de voz
3141,common_voice_pt_19435290.wav,132908,mas o comerciante de cristal não tinha escolha
298,common_voice_pt_19284743.wav,122924,mas aqui está a parte mais engraçada de tudo
1876,common_voice_pt_19416321.wav,53804,é justo
4126,common_voice_pt_19564708.wav,149804,o jogador de beisebol dá um soco na bola
4499,common_voice_pt_19783530.wav,142124,homens que estão em um campo com um cão
3698,common_voice_pt_19441793.wav,148268,um homem está na cintura em um rio lançando uma rede
2240,common_voice_pt_19428178.wav,115244,coma um grito de barriga de pudim
2285,common_voice_pt_19428246.wav,99884,quem pode ser dono da verdade
3423,common_voice_pt_19435997.wav,157484,eu sou o editor da cidade apenas no nome
4418,common_voice_pt_19755305.wav,218924,mulheres e homens são iguais em dignidade assim como em direitos e deveres
1651,common_voice_pt_19415951.wav,80684,por que isso é importante
1773,common_voice_pt_19416152.wav,109868,ainda não pode contatar conway
2473,common_voice_pt_19450820.wav,145964,o árabe é escrito da direita para a esquerda
484,common_voice_pt_19291531.wav,109868,insira seu cartão para se identificar
3060,common_voice_pt_19435094.wav,90668,vire a direita
1248,common_voice_pt_19410150.wav,126764,flores ou outra assinatura de revista
3010,common_voice_pt_19434913.wav,149804,ela não conseguia encontrar um cesto de lixo
103,common_voice_pt_19278217.wav,86828,não me pergunte como eu sei
480,common_voice_pt_19291429.wav,140588,é quando ele estará em segurança e nem um minuto antes
3888,common_voice_pt_19484581.wav,167468,um homem que joga o pingue pongue quando uma criança olhar
1904,common_voice_pt_19416363.wav,176684,um homem está ao ar livre lavar o carro com sabão e água
3804,common_voice_pt_19442084.wav,98348,pode guardar isso na geladeira
465,common_voice_pt_19291138.wav,94508,depois de terminar o assunto
2825,common_voice_pt_19432949.wav,245804,o alquimista parou abruptamente e se debruçou no chão
2245,common_voice_pt_19428184.wav,178988,o grupo de jovens adultos está saindo juntos fumando e bebendo
1073,common_voice_pt_19409655.wav,138284,um homem em volta chutando outro homem em um ringue
66,common_voice_pt_19277258.wav,144428,um homem de terno se afasta de um prédio com longas sombras
567,common_voice_pt_19301863.wav,113708,sua conexão com a internet era muito lenta
466,common_voice_pt_19291139.wav,138284,marty ajudou a capturar a ponte remagen
3323,common_voice_pt_19435684.wav,152108,um homem sentado contra painéis de madeira
920,common_voice_pt_19403509.wav,167468,um cão marrom com um colarinho preto fica ao lado de um arbusto
425,common_voice_pt_19290748.wav,122924,uma pessoa está falando ao ar livre em um microfone
950,common_voice_pt_19403628.wav,84524,em duas horas haverá um debate
1099,common_voice_pt_19409700.wav,117548,determine se esta carta é importante
2226,common_voice_pt_19422587.wav,184364,agora eu estou começando o que eu poderia ter começado dez anos atrás
2012,common_voice_pt_19416593.wav,129068,toque alguma música da selena gomez
3803,common_voice_pt_19442083.wav,102188,site de inscrições e eventos
2102,common_voice_pt_19422066.wav,121388,ouça não acredite no que ele diz
2219,common_voice_pt_19422400.wav,107564,eu juro no túmulo da minha mãe
3902,common_voice_pt_19484997.wav,145964,adicionando rapidamente leva a quantias erradas
1977,common_voice_pt_19416476.wav,117548,não havia necessidade de abordar o assunto
2416,common_voice_pt_19450572.wav,79148,carlos alberto
3636,common_voice_pt_19441413.wav,167468,ela tentou parar o sangramento de suas coxas com um lenço de papel
894,common_voice_pt_19327916.wav,134444,os sem teto parecem gostar de sopa
2419,common_voice_pt_19450585.wav,86828,eu me virei para ela
4274,common_voice_pt_19586190.wav,106028,faça pouca atenção
1062,common_voice_pt_19403937.wav,140588,uma menina está andando em um recipiente de lixo
3671,common_voice_pt_19441725.wav,142124,em todos os lugares havia barracas com itens à venda
1985,common_voice_pt_19416516.wav,132908,a sentença foi muito curta disse o advogado
3302,common_voice_pt_19435560.wav,161324,um homem que trabalha com uma ferramenta de soldagem
683,common_voice_pt_19307937.wav,132908,ela permitiu que ele a guiasse pela calçada
1756,common_voice_pt_19416126.wav,134444,as ruas são estreitas e cheias de curvas fechadas
2108,common_voice_pt_19422074.wav,268844,os cidadãos das áreas afetadas pelo tufão são aconselhados a deixar suas casas imediatamente
3762,common_voice_pt_19441944.wav,122924,em um tom de voz ou sussurro
2907,common_voice_pt_19433116.wav,209708,um casal inspeciona frutas e vegetais atrás de uma tela protetora de plástico
2298,common_voice_pt_19428265.wav,134444,segurança leve esse cara embora
360,common_voice_pt_19290422.wav,76844,deve haver algum jeito
860,common_voice_pt_19318320.wav,149804,ele poderia vender as pedras e comprar uma passagem de volta
1098,common_voice_pt_19409699.wav,94508,a linha se forma à direita
2723,common_voice_pt_19715660.wav,149804,noventa e cinco linhas e não mais é isso
1686,common_voice_pt_19416028.wav,79148,não ele não tinha
3077,common_voice_pt_19435135.wav,171308,se uma pessoa está vivendo seu destino ele sabe tudo o que precisa saber
348,common_voice_pt_19284913.wav,98348,toque alguma música do green day
3400,common_voice_pt_19435920.wav,119084,ele estava planejando quando saiu do bar
3669,common_voice_pt_19441722.wav,172844,um homem em uma veste alaranjada que está sobre uma construção
1631,common_voice_pt_19415927.wav,119084,não há mais nada que possamos fazer hoje à noite
531,common_voice_pt_19301499.wav,152108,e jesus disse chamarás isto de bolacha e não de biscoito
3253,common_voice_pt_19435500.wav,126764,segurando o saco de papel com dinheiro
3642,common_voice_pt_19441421.wav,98348,o menino conheceu o alquimista
2588,common_voice_pt_19493400.wav,157484,não atravesse suas pontes até chegar a elas
519,common_voice_pt_19301430.wav,122924,os infiéis tinham um olhar maligno sobre eles
4483,common_voice_pt_19755525.wav,126764,o cão nada em direção a uma cachoeira
1383,common_voice_pt_19410413.wav,82988,vamos ajudar as crianças primeiro
3909,common_voice_pt_19485106.wav,213548,mulheres em uma competição de natação de revezamento estão decolando da linha de largada
1704,common_voice_pt_19416051.wav,80684,não há doces no lado negro
3148,common_voice_pt_19435303.wav,121388,deixe me dizer o que vai acontecer
2106,common_voice_pt_19422072.wav,142124,um homem e uma mulher vestindo vermelho abraçando
3329,common_voice_pt_19435702.wav,129068,como é que algo assim começa a aparecer
3536,common_voice_pt_19441180.wav,142124,eu perguntei a alguém ao meu redor que eu ouvi isso
3515,common_voice_pt_19441133.wav,132908,um jovem asiático está na frente de uma classe
4500,common_voice_pt_19783537.wav,155948,aqui está uma explicação de por que não há ninguém
98,common_voice_pt_19278189.wav,80684,atitude otimista
3383,common_voice_pt_19435868.wav,96044,nenhuma doença é incurável
2509,common_voice_pt_19457629.wav,121388,deixe o saber que ele está discutindo
1167,common_voice_pt_19409839.wav,103724,desça para jantar este minuto
569,common_voice_pt_19301878.wav,88364,deixe me emprestá la primeiro
593,common_voice_pt_19302132.wav,121388,em que ano essa música foi lançada
1819,common_voice_pt_19416212.wav,148268,um homem com uma camisa verde está segurando uma planta
2538,common_voice_pt_19457883.wav,142124,há rumores de guerras tribais disse ele
1701,common_voice_pt_19416048.wav,126764,alguns meninos estão no palco apontando para o céu
4374,common_voice_pt_19738901.wav,178988,dois homens de short e mangas curtas saltam no ar
3129,common_voice_pt_19435276.wav,80684,mas o que é tudo isso
1716,common_voice_pt_19416070.wav,132908,o capitão falou em voz alta sobre o ocorrido
4291,common_voice_pt_19586261.wav,188204,um grupo de homens sentados em torno de uma mesa que tem garrafas vazias
3377,common_voice_pt_19435856.wav,115244,um homem de camisa rosa cruza as pernas
1208,common_voice_pt_19409920.wav,107564,o técnico não conseguiu descobrir o erro
2918,common_voice_pt_19433143.wav,84524,eu tremia de emoção
1717,common_voice_pt_19416072.wav,98348,eu não te conheço de adam
1036,common_voice_pt_19403885.wav,94508,eu enterraria no jardim
594,common_voice_pt_19302134.wav,98348,eu estou acostumada com o chefe
3298,common_voice_pt_19435555.wav,121388,ele ainda toca a criança de vez em quando
842,common_voice_pt_19317948.wav,136748,eu estou procurando a possibilidade de saltar
1501,common_voice_pt_19415732.wav,59948,fala sério
4022,common_voice_pt_19533475.wav,84524,mas ele não parou
1227,common_voice_pt_19409956.wav,167468,veja que a srta baker consegue um carro para levá la para casa
3895,common_voice_pt_19484955.wav,182828,uma mulher desliza para casa enquanto o apanhador tenta bloquear
1494,common_voice_pt_19415720.wav,103724,eu o rasguei em pedaços
3887,common_voice_pt_19484577.wav,153644,diga lhes para começar a tirar esses extras
2273,common_voice_pt_19428233.wav,157484,receio que este evento seja apenas por convite senhor
139,common_voice_pt_19278399.wav,82988,precisamos de mais sabão
1347,common_voice_pt_19410338.wav,94508,um homem com a mão levantada
1637,common_voice_pt_19415934.wav,99884,eu tinha visto tudo o que isso me traria
3808,common_voice_pt_19442096.wav,80684,o grupo era muito unido
1703,common_voice_pt_19416050.wav,107564,duas mulheres jogam voleibol na areia
4167,common_voice_pt_19570584.wav,225068,vários músicos estão posicionados ao redor do baterista e a escada em um palco
3071,common_voice_pt_19435118.wav,106028,existem estrelas brilhantes no céu
1005,common_voice_pt_19403823.wav,103724,e ela ficou ali mortificada
3458,common_voice_pt_19440977.wav,218924,tecnologia esse ano novos meios de conexão serão lançados
1965,common_voice_pt_19416457.wav,130604,o psicopata geralmente tem alucinações
1519,common_voice_pt_19415764.wav,80684,no tempo correto musical
3099,common_voice_pt_19435200.wav,107564,pois claro eu disse isso
3082,common_voice_pt_19435150.wav,99884,fechar o firefox
1634,common_voice_pt_19415931.wav,82988,o conflito não foi resolvido
2350,common_voice_pt_19428349.wav,111404,faz sentido ter pesos negativos
2331,common_voice_pt_19428311.wav,126764,lembre me de acordar amanhã às oito da manhã
3752,common_voice_pt_19441923.wav,80684,quem escreveu este livro
4307,common_voice_pt_19586380.wav,122924,eu quero ouvir foreign affair
1779,common_voice_pt_19416159.wav,190508,o menino alcançou a pequena igreja abandonada quando a noite estava caindo
1064,common_voice_pt_19409641.wav,182828,uma mulher de preto caminha pela rua em frente a uma parede grafitada
2650,common_voice_pt_19522003.wav,165164,eu uso o firefox como navegador principal
3218,common_voice_pt_19435451.wav,144428,ao mesmo tempo ele conectou os dois incidentes
1410,common_voice_pt_19415559.wav,88364,amanhã é quarta feira
3021,common_voice_pt_19434942.wav,195884,ana júlio juliana e josé foram ao evento na quinta
3851,common_voice_pt_19455578.wav,142124,um esquiador com um casaco vermelho descendo uma colina
2343,common_voice_pt_19428336.wav,79148,eu sei o que vai ser
1402,common_voice_pt_19415545.wav,130604,algumas pessoas andam em uma calçada cinza
2264,common_voice_pt_19428210.wav,96044,a cidade toda ficou louca
536,common_voice_pt_19301538.wav,98348,canal e armazém de otaru
1320,common_voice_pt_19410278.wav,109868,a empresa criou um ambiente para colaboração
3446,common_voice_pt_19439251.wav,103724,há ouro aqui ele disse
847,common_voice_pt_19318237.wav,94508,essa parte é fácil
1212,common_voice_pt_19409924.wav,71468,o tolo é colhido
658,common_voice_pt_19307815.wav,171308,uma mulher cobrindo os olhos em um parque como o dia chega ao fim
3428,common_voice_pt_19436018.wav,140588,um homem faz um truque de salto em uma moto
41,common_voice_pt_19277183.wav,157484,o pinguim atravessa o gelo juntando se aos seus companheiros
1649,common_voice_pt_19415949.wav,159788,nossos comerciantes compraram aquele homem e o trouxeram para o egito
455,common_voice_pt_19291024.wav,98348,volte e compre dois pacotes
1426,common_voice_pt_19415592.wav,96044,o orgulho vem antes da queda
3641,common_voice_pt_19441420.wav,129068,o menino notou que a roupa do homem era estranha
1019,common_voice_pt_19403854.wav,75308,eles se reúnem
485,common_voice_pt_19291532.wav,82988,volte e ajude todos
1652,common_voice_pt_19415954.wav,157484,por sorte a adaga não conseguiu penetrar no colete à prova de balas
2857,common_voice_pt_19432992.wav,142124,um passo a mais e o conselho entrará em colapso
1871,common_voice_pt_19416314.wav,140588,uma criança pequena de camisa vermelha fica no meio da rua
3948,common_voice_pt_19503758.wav,119084,ai isso foi desnecessário
4086,common_voice_pt_19564531.wav,79148,ele fez muito
4432,common_voice_pt_19755333.wav,119084,casa de um homem é o seu castelo
3506,common_voice_pt_19441112.wav,125228,precisamos resolver esse problema rapidamente
3199,common_voice_pt_19435404.wav,84524,houve muito pouca conversa
3314,common_voice_pt_19435583.wav,182828,avançando lentamente eles procuraram entre as pedras
1785,common_voice_pt_19416167.wav,71468,oh o que é isso
323,common_voice_pt_19284797.wav,134444,ele viu o menino aparecer do outro lado das dunas
3043,common_voice_pt_19435049.wav,171308,estava tão camuflado que ninguém suspeitaria de sua presença
3136,common_voice_pt_19435284.wav,102188,ela aparentemente não escutou
4152,common_voice_pt_19570409.wav,192044,duas crianças estão se preparando para ir em um passeio de elefante
503,common_voice_pt_19301322.wav,202028,centenas de observadores viram a chama naquela noite e na noite seguinte
3657,common_voice_pt_19441479.wav,136748,feller corre nos meses de fevereiro
827,common_voice_pt_19317868.wav,109868,as legendas eram em espanhol
266,common_voice_pt_19284336.wav,167468,dotada de vários equipamentos para a prática de atividades
2037,common_voice_pt_19416629.wav,115244,a rede elétrica não tinha aterramento
3200,common_voice_pt_19435405.wav,138284,estou procurando o trailer de highlands today
2283,common_voice_pt_19428244.wav,155948,por que as pessoas ainda comem manteiga de amendoim e geléia
737,common_voice_pt_19314601.wav,59948,pare
2720,common_voice_pt_19588753.wav,172844,um homem está correndo um camelo como se fosse um cavalo
3918,common_voice_pt_19486180.wav,186668,um grupo de pessoas se reúne sob uma área coberta e coberta
1326,common_voice_pt_19410293.wav,107564,gerenciados de tarefas do windows
788,common_voice_pt_19317680.wav,159788,o tratado de tordesilhas queria dividir o novo mundo
3256,common_voice_pt_19435503.wav,69164,sim
2616,common_voice_pt_19498839.wav,195884,adicionar erik santos na minha lista de reprodução metal xplorer
4406,common_voice_pt_19754850.wav,165164,homem de camisa azul andando de bicicleta fumando um cigarro
3306,common_voice_pt_19435569.wav,205868,sem responder o guarda entrou na tenda onde permaneceu por algum tempo
489,common_voice_pt_19291559.wav,153644,um homem sem camisa com tatuagens está trabalhando em andaimes
3158,common_voice_pt_19435322.wav,142124,eu suponho que tudo isso está levando a algum lugar
4311,common_voice_pt_19586392.wav,132908,um menino está assistindo uma mulher
2023,common_voice_pt_19416611.wav,86828,esperando por décadas
618,common_voice_pt_19302952.wav,76844,o céu estava claro
313,common_voice_pt_19284775.wav,106028,o menino aproximou seu cavalo
1672,common_voice_pt_19416007.wav,52268,e se for
4138,common_voice_pt_19564756.wav,178988,escolas para senhoras ensinam charme e graça
4156,common_voice_pt_19570425.wav,169004,um homem está sentado em uma banca de jornal lendo um jornal
1407,common_voice_pt_19415556.wav,96044,quer andar para nova york
3041,common_voice_pt_19435037.wav,140588,o homem de camisa branca está segurando um menino
3401,common_voice_pt_19435921.wav,130604,um artista pintando a parede coberta de bambu
1868,common_voice_pt_19416305.wav,138284,a grama e os arbustos estavam molhados de orvalho
3297,common_voice_pt_19435554.wav,126764,ele estava apostando nesse resultado
3293,common_voice_pt_19435550.wav,130604,a casa do josé é bonita
918,common_voice_pt_19403505.wav,113708,eu não acho que seja o suficiente
4148,common_voice_pt_19564792.wav,178988,paul se desculpou com linda e abriu a porta
3592,common_voice_pt_19441338.wav,109868,por fim teve de se render
4002,common_voice_pt_19530807.wav,132908,e o murmúrio durou mais que um simples juramento
1681,common_voice_pt_19416020.wav,175148,ele se levantou ajustou sua roupa e pegou sua bolsa
716,common_voice_pt_19314538.wav,234284,servos iam e vinham com bandejas de prata carregadas de especiarias e chá
3495,common_voice_pt_19441080.wav,96044,espero dar espaço para isso
4240,common_voice_pt_19581762.wav,109868,a orquestra tem sua estréia hoje
1664,common_voice_pt_19415992.wav,140588,chad acena para eles e continua do outro lado da rua
1403,common_voice_pt_19415547.wav,99884,chamado um para comer juntos
2133,common_voice_pt_19422114.wav,132908,a fome é boa mostarda o melhor molho
3151,common_voice_pt_19435312.wav,119084,o sol estava muito quente neste verão
3966,common_voice_pt_19505535.wav,182828,nem todo mundo pode ver seus sonhos se tornando realidade da mesma maneira
1922,common_voice_pt_19416390.wav,122924,mas codificando sem mouse ou teclado
4149,common_voice_pt_19564793.wav,159788,uma mulher em uma camiseta verde fala em um microfone
3724,common_voice_pt_19441863.wav,92204,ainda tem muito tempo
1109,common_voice_pt_19409718.wav,119084,ele está vigiando a outra porta
4163,common_voice_pt_19570519.wav,245804,o plano ou esboço que facilita a localização geográfica de cada uma das performances
1249,common_voice_pt_19410151.wav,152108,adquirimos o quarterback de renúncias na última temporada
1355,common_voice_pt_19410350.wav,165164,estava amontoado em e ele mal pensara nisso há muito tempo
2265,common_voice_pt_19428211.wav,122924,e ele sabia que o egito estava na áfrica
2777,common_voice_pt_19432796.wav,202028,aquele cara ali gosta de beber muito fala muito mas não faz nada
21,common_voice_pt_19277097.wav,86828,a vista deveria valer a pena
2362,common_voice_pt_19428371.wav,186668,sua morte está registrada no departamento de guerra em washington
3923,common_voice_pt_19486315.wav,188204,silhueta de uma jovem mulher pulando e um belo cenário no fundo
839,common_voice_pt_19317940.wav,172844,o povo é contra a regulamentação do serviço de internet
1995,common_voice_pt_19416539.wav,129068,agora vou me afastar suavemente da terra dos sonhos
438,common_voice_pt_19290849.wav,80684,talvez tenha sido ontem
4060,common_voice_pt_19564267.wav,182828,uma menina está comendo cereal fora de uma tigela branca
4255,common_voice_pt_19581806.wav,169004,duas crianças que estão entre dois carros vermelhos
4284,common_voice_pt_19586228.wav,157484,a pessoa de capuz vermelho salta da pilha de pedras
3565,common_voice_pt_19441252.wav,165164,enquanto observava o planeta parecia ficar cada vez maior
4513,common_voice_pt_19860742.wav,169004,de unidade e uniformidade não havia lugar nenhum
376,common_voice_pt_19290563.wav,86828,não há cortesia em tudo
1687,common_voice_pt_19416029.wav,94508,eu não posso acreditar em mim mesmo
4056,common_voice_pt_19564249.wav,157484,pequenas falhas permitiram entrar em maior
4296,common_voice_pt_19586351.wav,134444,eu tenho estado muito ocupado nas últimas semanas
1087,common_voice_pt_19409686.wav,157484,e é melhor eu ler seus livros disse o garoto
3575,common_voice_pt_19441313.wav,99884,não era uma relação saudável
4184,common_voice_pt_19573455.wav,99884,um cachorro corre pela grama
1802,common_voice_pt_19416192.wav,88364,qual é o seu status
3576,common_voice_pt_19441314.wav,73004,mudo
1243,common_voice_pt_19410137.wav,94508,que bacana essa revista
283,common_voice_pt_19284383.wav,80684,uso efetivo da terra
3279,common_voice_pt_19435531.wav,169004,jato voando baixo sobre um campo com uma mulher no campo
2945,common_voice_pt_19433251.wav,142124,ele ouviu o vento e sentiu as pedras sob seus pés
428,common_voice_pt_19290786.wav,163628,uma pessoa corre em uma competição na frente dos espectadores
798,common_voice_pt_19317709.wav,175148,donuts são melhores com granulado de morango e café
1573,common_voice_pt_19415847.wav,129068,existem muitos tipos de materiais compostos
3691,common_voice_pt_19441771.wav,155948,por favor tente entrar em contato conosco em setembro
562,common_voice_pt_19301778.wav,84524,devo anunciar lhe
273,common_voice_pt_19284354.wav,102188,eu conheço essa voz em qualquer lugar
3319,common_voice_pt_19435594.wav,145964,suba sobre as formigas depois de amanhã
2621,common_voice_pt_19498924.wav,80684,como posso enfrentá lo
1330,common_voice_pt_19410307.wav,115244,o que o surpreendeu foi que ela ainda estava viva
2719,common_voice_pt_19588752.wav,175148,as pessoas estão se enfrentando enquanto jogam futebol
1746,common_voice_pt_19416115.wav,194348,o motorista de camelo não era um lutador e ele tinha consultado com videntes
1136,common_voice_pt_19409774.wav,169004,dois homens vestindo camisetas brancas estão trabalhando em um balcão de carne
4028,common_voice_pt_19535141.wav,122924,eu estudei c na universidade
1804,common_voice_pt_19416194.wav,125228,o gato era cinza com listras brancas
1010,common_voice_pt_19403837.wav,222764,várias pessoas assistem a uma apresentação no palco com diferentes graus de interesse
862,common_voice_pt_19318338.wav,96044,o teto desabou para dentro
3858,common_voice_pt_19455622.wav,109868,e a ingratidão não reapareceu
83,common_voice_pt_19278154.wav,106028,quanto é o seu capital nele
1188,common_voice_pt_19409887.wav,84524,todo mundo espera um minuto
2222,common_voice_pt_19422406.wav,178988,era uma emoção tão grande que suas veias estavam cheias de adrenalina
1767,common_voice_pt_19416145.wav,176684,seu braço parecia estar lutando com o que quer que estivesse no buraco
2020,common_voice_pt_19416608.wav,129068,as pessoas sob as estrelas mudam todos os dias
3568,common_voice_pt_19441270.wav,192044,sim eu dei uma cutucada nisso e não consegui descobrir o que estava errado
3898,common_voice_pt_19484977.wav,103724,brian está saindo hoje
4035,common_voice_pt_19540382.wav,79148,não quero entrar na cozinha
2601,common_voice_pt_19493589.wav,215084,ele vestiu sua roupa árabe de linho branco comprou especialmente para este dia
1538,common_voice_pt_19415795.wav,88364,ela nunca confiou em mim
1206,common_voice_pt_19409915.wav,96044,todos os aldeões aplaudiram
2847,common_voice_pt_19432979.wav,115244,ligue para a esposa de michael
1263,common_voice_pt_19410179.wav,144428,um homem mais velho toca violino de forma muito criativa
2584,common_voice_pt_19493352.wav,140588,dois cães preto e brancos brigando uns com os outros
3819,common_voice_pt_19442119.wav,119084,assuntos administrativos apropriados
1641,common_voice_pt_19415938.wav,84524,ele colocou no bolso de trás
3288,common_voice_pt_19435545.wav,130604,todas as atividades terminaram este ano
2502,common_voice_pt_19457547.wav,140588,mas então percebi que ela não poderia ter sido
1139,common_voice_pt_19409785.wav,163628,um homem e uma mulher colocam velas de aniversário em um bolo
1240,common_voice_pt_19410127.wav,149804,a previsão do tempo para esta semana não parecia nada boa
2021,common_voice_pt_19416609.wav,117548,o arrependimento tardio traz novo dano
956,common_voice_pt_19403649.wav,92204,eu já estou acostumado com as coisas
1453,common_voice_pt_19415644.wav,82988,tenha uma firme convicção
1978,common_voice_pt_19416478.wav,98348,traga me sophia de volta
4422,common_voice_pt_19755318.wav,182828,isso é usado para autenticação baseada em host
3050,common_voice_pt_19435058.wav,117548,maravilhosa é a força da alegria
3542,common_voice_pt_19441196.wav,126764,sempre pense que a escrita é boa
4048,common_voice_pt_19561406.wav,88364,venha socorro
1445,common_voice_pt_19415624.wav,122924,mas com o passar do tempo tangier mudou
346,common_voice_pt_19284906.wav,96044,diretor disse que ele foi forçado
3392,common_voice_pt_19435896.wav,113708,é o xerife helen lá
539,common_voice_pt_19301583.wav,92204,saberemos quando chegar ao fim
2185,common_voice_pt_19422264.wav,178988,a televisão pode torná lo burro mas também pode ser uma boa educação
2474,common_voice_pt_19450821.wav,75308,melhor obrigado
3958,common_voice_pt_19504930.wav,126764,de qualquer forma esse assunto não é urgente
250,common_voice_pt_19284291.wav,103724,a sra jason está no telefone
4355,common_voice_pt_19738782.wav,152108,uma mulher pinta um desenho em um vaso
540,common_voice_pt_19301594.wav,94508,mas não deixe isso fora de sua vista
3242,common_voice_pt_19435488.wav,142124,deixe o parlamento rever o orçamento
4471,common_voice_pt_19755449.wav,215084,um chef prepara um hambúrguer em um recipiente portátil durante um festival
290,common_voice_pt_19284712.wav,99884,eu não cheguei até os trinta e quatro
174,common_voice_pt_19278643.wav,73004,foi a linguagem pura do mundo
1251,common_voice_pt_19410153.wav,82988,é tudo que eu quero saber
1957,common_voice_pt_19416440.wav,121388,o amor pelo dinheiro é o alicerce de todo o mal
665,common_voice_pt_19307849.wav,140588,fiquei desapontado com este volume inanimado
690,common_voice_pt_19307971.wav,125228,boris o leão chorou como um burro
1177,common_voice_pt_19409869.wav,80684,eu ganhei uma flor
4104,common_voice_pt_19564602.wav,125228,apenas trinta dias curtos
2094,common_voice_pt_19422056.wav,76844,é muito tarde
1844,common_voice_pt_19416250.wav,159788,um grupo de trabalhadores da construção que constroem uma casa
3959,common_voice_pt_19505267.wav,73004,ela lhe dirá
2958,common_voice_pt_19433318.wav,184364,duas crianças estão dormindo enquanto alguém está mexendo em um livro de música
2858,common_voice_pt_19432994.wav,98348,o menino confiava em seu novo amigo
2044,common_voice_pt_19416636.wav,76844,eu não acredito nisso
3353,common_voice_pt_19435780.wav,121388,eu não posso mais pensar
3142,common_voice_pt_19435291.wav,228908,enquanto observavam as ondas batendo umas nas outras alice pensou em casa
3922,common_voice_pt_19486292.wav,142124,a senhora está sentada a um bom jantar de frango
3096,common_voice_pt_19435195.wav,153644,o estranho colocou sua espada na bainha e o menino relaxou
2608,common_voice_pt_19495972.wav,86828,em ajuda humanitária
561,common_voice_pt_19301775.wav,157484,no entanto cada um sentiu seu coração bater um pouco mais rápido
1286,common_voice_pt_19410222.wav,75308,cada amigo envolvido
2976,common_voice_pt_19433366.wav,109868,continuamos a andar de carro
2657,common_voice_pt_19528894.wav,213548,pelo menos doze roteiros foram encontrados neste baú
3303,common_voice_pt_19435561.wav,148268,é um urso de ouro ou um urso marinho
1958,common_voice_pt_19416441.wav,119084,um eclipse foi anunciado para o dia seguinte
2101,common_voice_pt_19422065.wav,153644,as placas de indução não funcionam por radiação térmica
1298,common_voice_pt_19410242.wav,113708,eu não posso responder a este movimento repentino
1322,common_voice_pt_19410286.wav,122924,um homem tentando tocar guitarra para entretenimento
671,common_voice_pt_19307858.wav,175148,deixou um rastro esverdeado que brilhou por alguns segundos
2988,common_voice_pt_19433398.wav,142124,muitos homens em turbantes falam em volta de um camelo
1176,common_voice_pt_19409865.wav,129068,ela viaja todo final de ano para a frança
3972,common_voice_pt_19507158.wav,190508,um jovem empresário andando na rua enquanto um pássaro preto voa na frente dele
2670,common_voice_pt_19528970.wav,92204,tratado existente
1842,common_voice_pt_19416247.wav,73004,eu não sei porque
1759,common_voice_pt_19416131.wav,119084,um homem de preto está andando de bicicleta
4298,common_voice_pt_19586355.wav,149804,dois cavalos com corredores correm ao longo da pista
571,common_voice_pt_19301913.wav,175148,uma moça fica ao lado de desenhos de uma artista de caricatura
4215,common_voice_pt_19578004.wav,234284,sacos baratos e baratos estão sendo vendidos em todos os lugares neste mercado
3122,common_voice_pt_19435268.wav,102188,obrigado por dar uma volta
626,common_voice_pt_19302974.wav,155948,as raposas são criaturas realmente inteligentes
181,common_voice_pt_19278687.wav,88364,como é o clima em delaware
4485,common_voice_pt_19755527.wav,186668,uma pessoa que veste a roupa azul do trabalhador em uma linha de montagem
3744,common_voice_pt_19441911.wav,194348,naqueles dias muito poucas pessoas tinham alguma ideia sobre astronomia
997,common_voice_pt_19403805.wav,82988,eu gosto do seu tapete
4134,common_voice_pt_19564749.wav,175148,um piloto usando fones de ouvido voando acima da terra
2707,common_voice_pt_19529085.wav,129068,faça um voto direto no momento
816,common_voice_pt_19317799.wav,96044,quantas pessoas ouvem música inglesa
4119,common_voice_pt_19564667.wav,159788,a garoa fria vai parar a unidade de ligação
905,common_voice_pt_19403478.wav,86828,então a situação real
1211,common_voice_pt_19409923.wav,129068,toda vez que ele a via ele se sentia nervoso
909,common_voice_pt_19403488.wav,115244,eu estarei de volta em um minuto
2775,common_voice_pt_19432787.wav,244268,dois policiais vestindo coletes fluorescentes em pé na calçada enquanto as pessoas passam
1743,common_voice_pt_19416112.wav,82988,foi fora de conduta
3029,common_voice_pt_19435003.wav,102188,o cinema foi abandonado
4024,common_voice_pt_19534933.wav,203564,naqueles tempos a obra prima poderia ser escrita simplesmente em uma esmeralda
1953,common_voice_pt_19416431.wav,144428,crianças descansando e subindo muitos degraus
4027,common_voice_pt_19535102.wav,82988,eu tenho a festa aqui
3839,common_voice_pt_19455473.wav,132908,além disso havia uma pilha de bicicletas
1812,common_voice_pt_19416204.wav,122924,um garoto perseguindo uma bola de beisebol
508,common_voice_pt_19301338.wav,111404,as pessoas olham ao redor da geleira
1620,common_voice_pt_19415911.wav,82988,eu quero tirar algo disso
4440,common_voice_pt_19755366.wav,115244,um coro praticando em uma igreja
2545,common_voice_pt_19458213.wav,99884,quer que alguém te leve para casa
2789,common_voice_pt_19432863.wav,117548,deve ter sido uma criança
1522,common_voice_pt_19415771.wav,71468,qual é o limite de idade
2328,common_voice_pt_19428308.wav,122924,a nova loja vai começar a construção
1750,common_voice_pt_19416119.wav,138284,é malvado como lara negligencia seu gatinho
3254,common_voice_pt_19435501.wav,172844,ela está sentada na cama e segurando uma canção de ninar
3360,common_voice_pt_19435795.wav,159788,o cão magro com a cauda longa está viajando pelo campo
3074,common_voice_pt_19435129.wav,130604,envie este arquivo para o google drive
117,common_voice_pt_19278262.wav,199724,eles gritaram consolo e promessas e voltaram para a cidade novamente para buscar ajuda
4168,common_voice_pt_19570593.wav,161324,uma mulher se senta em uma peça de mobiliário de arte
418,common_voice_pt_19290718.wav,113708,há um homem correndo em uma estrada
4415,common_voice_pt_19755296.wav,136748,me ame ame meu cachorro
2422,common_voice_pt_19450595.wav,88364,o tempo está acabando
1374,common_voice_pt_19410388.wav,92204,este item custa cem reais
1468,common_voice_pt_19415675.wav,79148,que bem vai fazer
2816,common_voice_pt_19432935.wav,122924,dois homens e duas mulheres correndo
2655,common_voice_pt_19528885.wav,228908,o alquimista seguiu enquanto o cavalo do menino corria por quase meia hora
2452,common_voice_pt_19450732.wav,188204,entrar nessa área é proibido sem acariciar o gato do proprietário primeiro
246,common_voice_pt_19284286.wav,180524,celso conheceu maria no mercado do tio chico enquanto esperavam no caixa
115,common_voice_pt_19278250.wav,167468,o que estava ao seu lado há cinco minutos agora estava do outro lado
264,common_voice_pt_19284331.wav,111404,a festa de aniversário foi uma surpresa
3315,common_voice_pt_19435584.wav,115244,visto da estrada costeira do norte
4087,common_voice_pt_19564538.wav,90668,sua boa saúde
3717,common_voice_pt_19441844.wav,111404,veja eles estavam sozinhos
637,common_voice_pt_19307754.wav,71468,para onde vais
967,common_voice_pt_19403684.wav,153644,um homem está andando pelo pátio de um prédio antigo
4004,common_voice_pt_19530852.wav,138284,mais tarde tornou se cada vez mais intensificado
1601,common_voice_pt_19415883.wav,88364,foi um teste decisivo
2242,common_voice_pt_19428180.wav,79148,estou na farmácia
2577,common_voice_pt_19469292.wav,90668,dez minutos para o que
3290,common_voice_pt_19435547.wav,113708,sinto muito por ele
1486,common_voice_pt_19415708.wav,65324,não retornando
926,common_voice_pt_19403527.wav,86828,tudo está cheio de esperança
3889,common_voice_pt_19484693.wav,98348,eu deveria aprender a cantar
490,common_voice_pt_19291592.wav,94508,isso não acontece com qualquer um
3030,common_voice_pt_19435006.wav,106028,o planeta júpiter é gigante
3850,common_voice_pt_19455562.wav,94508,meu nome é deborah
3113,common_voice_pt_19435254.wav,169004,boas vindas aos jovens para participar e participar
3718,common_voice_pt_19441845.wav,113708,metade do pão é melhor que nada
1835,common_voice_pt_19416236.wav,155948,para a melhor parte de sua vida a mesa está no porão
4438,common_voice_pt_19755362.wav,184364,uma criança vestindo uma camisa azul está andando na rua segurando dois dedos
3326,common_voice_pt_19435692.wav,176684,o candidato terá entre vinte e trinta minutos para se preparar
2135,common_voice_pt_19422117.wav,134444,eu quero ouvir o álbum live in munich de laura love
3084,common_voice_pt_19435152.wav,125228,a maioria dos estágios nos anos anteriores
474,common_voice_pt_19291253.wav,142124,grátis é a palavra mágica que todos gostamos de ouvir
2579,common_voice_pt_19469332.wav,86828,pode perder o trabalho
638,common_voice_pt_19307755.wav,153644,coloque um adesivo de tatuagem de primavera no braço
3460,common_voice_pt_19440987.wav,103724,a destruição é uma lei da natureza
2507,common_voice_pt_19457575.wav,126764,linus torvalds criou o kernel do linux
44,common_voice_pt_19277194.wav,82988,está certo quem vence
2322,common_voice_pt_19428299.wav,148268,o degelo chegou cedo e libertou o riacho
169,common_voice_pt_19278621.wav,149804,o simum explodiu naquele dia como nunca havia explodido antes
1588,common_voice_pt_19415865.wav,88364,eu não podia trabalhar na cidade
2851,common_voice_pt_19432983.wav,149804,seu velho feiticeiro o garoto gritou para o céu
3863,common_voice_pt_19455684.wav,138284,menina com tampa de malha cheirando flores
4120,common_voice_pt_19564675.wav,119084,essa é a escala centigrada
2512,common_voice_pt_19457644.wav,155948,atum para pessoas que são prejudiciais
4383,common_voice_pt_19738952.wav,217388,um grande buraco no concreto sendo escavado por uma grande máquina de escavação
3574,common_voice_pt_19441311.wav,130604,isso é obviamente super simples
4338,common_voice_pt_19586460.wav,175148,uma mulher está rolando seu carrinho de supermercado do outro lado da rua
363,common_voice_pt_19290459.wav,215084,soluções locais devem ser preferidas para soluções em nuvem em muitos casos
1254,common_voice_pt_19410159.wav,115244,um menino veio correndo em minha direção
3802,common_voice_pt_19442079.wav,142124,um grupo de dança se apresenta em um desfile na china
3522,common_voice_pt_19441145.wav,117548,em quanto tempo vou poder viajar
1013,common_voice_pt_19403845.wav,152108,eu dei à luz uma menina um ano depois do casamento
4517,common_voice_pt_19860801.wav,211244,procurando pelo trabalho criativo chamado in my memory
1484,common_voice_pt_19415706.wav,117548,os vizinhos estão servindo um almoço leve
3817,common_voice_pt_19442117.wav,107564,não conseguimos encontrar a rua principal
1422,common_voice_pt_19415587.wav,180524,o jovem vai lá quando quiser porque o faz conhecer o progresso do capital
3014,common_voice_pt_19434920.wav,171308,um menino está ao lado de um trilho em uma pista de kart
1225,common_voice_pt_19409953.wav,80684,sua amizade é para ele
3997,common_voice_pt_19530728.wav,144428,mais tarde aprendi que este livro está esgotado
1782,common_voice_pt_19416163.wav,130604,coloque o para a direita quando fizer o check out
2785,common_voice_pt_19432846.wav,126764,eu vaguei sozinho como uma nuvem
2882,common_voice_pt_19433065.wav,130604,talvez ela nem se lembrasse dele
4153,common_voice_pt_19570417.wav,157484,o menino volta para casa que não é para se casar
3732,common_voice_pt_19441887.wav,171308,um homem asiático vestindo uma camiseta escura está no mercado
715,common_voice_pt_19314537.wav,82988,a televisão pifou
2726,common_voice_pt_19715680.wav,186668,uma jovem garota em um parque lança um objeto no ar
902,common_voice_pt_19403472.wav,136748,eu nunca tive um antes de o comerciante respondeu
3352,common_voice_pt_19435766.wav,92204,a raiva não tem olhos
2078,common_voice_pt_19422026.wav,90668,eles eram o tesouro dele
2522,common_voice_pt_19457781.wav,145964,sentado em frente ao computador em casa
1281,common_voice_pt_19410216.wav,115244,a lama jazia profundamente ao longo da rua
892,common_voice_pt_19327906.wav,109868,também explodiu em lágrimas
1578,common_voice_pt_19415853.wav,86828,poemas do nordeste
674,common_voice_pt_19307869.wav,106028,isto é para as crianças comerem
4203,common_voice_pt_19573507.wav,153644,vale a pena pelo menos tentar minimizar o delta
1647,common_voice_pt_19415946.wav,73004,esse é o problema
401,common_voice_pt_19290632.wav,99884,o encantamento foi escrito em itálico
3112,common_voice_pt_19435253.wav,138284,eu quero dizer que vou ganhar o dinheiro novamente
4472,common_voice_pt_19755459.wav,125228,encontre o horário do filme por aqui
2504,common_voice_pt_19457553.wav,117548,os dois compartilharam a tarefa
142,common_voice_pt_19278412.wav,86828,qual é o seu filme favorito
